exchange,ticker,name,sector,website,lei,wikidata,hq_city,hq_latitude,hq_longitude
ASX,360,Life360,Information Technology,https://www.life360.com/,,Q109625706,,,
ASX,4DX,4DMedical,Healthcare,https://4dmedical.com/,,Q109626898,,,
ASX,88E,88 ENERGY LIMITED,,https://88energy.com/,213800YFW5171TD69V35,Q109626899,,,
ASX,A2M,a2 Milk Company,Consumer Staples,https://thea2milkcompany.com,,Q22909318,Sydney,-33.86778,151.21
ASX,AAC,Australian Agricultural Company,raising of other cattle and buffaloes,http://www.aaco.com.au/,,Q4823789,Brisbane,-27.46778,153.02778
ASX,AAI,Alcoa,Materials,http://www.alcoa.com,549300T12EZ1F6PWWU29,Q135325,New York City,40.71278,-74.00611
ASX,ABB,Aussie Broadband,telecommunications,https://www.aussiebroadband.com.au/,,Q28220211,Morwell,-38.23333,146.4
ASX,ABC,Adelaide Brighton Cement,construction,https://www.adbri.com.au/,,Q4681680,,,
ASX,ABP,Abacus Property Group,,https://www.abacusproperty.com.au,,Q106920455,,,
ASX,ABR,AMERICAN PACIFIC BORATES LIMITED,,https://americanpacificborates.com/,,Q109626902,,,
ASX,ABY,Adore Beauty,e-commerce,https://www.adorebeauty.com.au/,,Q28130669,Southbank,-37.829,144.957
ASX,ACL,Australian Clinical Labs,,https://www.clinicallabs.com.au/,,Q105256111,,,
ASX,ADA,Adacel,software industry,https://www.adacel.com/,,Q4678335,Melbourne,-37.81417,144.96306
ASX,ADH,Adairs,,https://www.adairs.co.nz,,Q109626904,,,
ASX,AEF,Australian Ethical Investment,financial services,http://www.australianethical.com.au/,,Q4824118,Sydney,-33.86778,151.21
ASX,AFI,Australian Foundation Investment Company,Financials,https://www.afi.com.au/,254900YODBY7EY7U4G44,Q106240682,Melbourne,-37.81417,144.96306
ASX,AFP,AFT Pharmaceuticals (New Zealand),,http://www.aftpharm.com/,,Q30268828,Auckland,-36.84917,174.76528
ASX,AGG,AngloGold Ashanti,mining,http://www.anglogoldashanti.com/,378900EF3BA9A5F42A59,Q541076,Johannesburg,-26.20436,28.04164
ASX,AGI,AINSWORTH GAME TECHNOLOGY LIMITED,,https://www.ainsworth.com.au/,,Q109626910,,,
ASX,AGL,AGL Energy,Utilities,https://www.agl.com.au/,,Q292374,Sydney,-33.86778,151.21
ASX,AGY,ARGOSY MINERALS LIMITED,,https://www.argosyminerals.com.au/,984500BAC6C46C7AF656,Q109626911,Perth,-31.95583,115.85972
ASX,AIA,Auckland International Airport Limited,Industrials,,549300HFZIZDJWB7AK60,Q106241087,,,
ASX,ALD,Ampol,Energy,https://www.ampol.com.au,,Q4748528,Casino,-28.86667,153.05
ASX,ALK,Alkane Resources,Materials,https://alkres.com/,,Q109626917,,,
ASX,ALL,Aristocrat Leisure,Consumer Discretionary,https://www.aristocrat.com/,,Q2861391,Sydney,-33.86778,151.21
ASX,ALQ,ALS,Industrials,https://www.alsglobal.com/,549300RYCQ8DMIO2J661,Q5028003,Brisbane,-27.46778,153.02778
ASX,ALX,Atlas Arteria,Industrials,http://www.macquarie.com/mgl/com/mqa,,Q3274789,,,
ASX,AMA,AMA GROUP LIMITED,,https://amagroupltd.com/,529900GIM8S1E8UCER31,Q109626918,Melbourne,-37.81417,144.96306
ASX,AMC,Amcor,Materials,http://www.amcor.com,,Q460307,Zurich,47.37444,8.54111
ASX,AMI,AURELIA METALS LIMITED,,https://aureliametals.com/,5493005OS7G5RY15ND07,Q109626920,,,
ASX,AMP,AMP,Financials,https://www.amp.com.au/,5299000D93LTLU0UJR35,Q295261,Sydney,-33.86778,151.21
ASX,ANN,Ansell,Healthcare,http://www.ansell.com/,,Q569499,Melbourne,-37.81417,144.96306
ASX,ANZ,Australia & New Zealand Banking Group,Financials,https://www.anz.co.nz/,,Q714641,Melbourne,-37.81417,144.96306
ASX,APA,APA Group,Utilities,http://www.apa.com.au/,549300T9RBSX164T8H40,Q20311412,,,
ASX,APE,Eagers Automotive,Consumer Discretionary,https://www.eagersautomotive.com.au,,Q107176279,,,
ASX,API,Australian Pharmaceutical Industries,pharmaceutical industry,http://www.api.net.au/,,Q4824558,New South Wales,-32,147
ASX,APT,Afterpay,fintech,https://www.afterpay.com/en-AU/index,,Q55639119,Melbourne,-37.81417,144.96306
ASX,APV,AppsVillage,,https://appsvillage.com,,Q67174463,,,
ASX,APX,Appen,artificial intelligence,https://www.appen.com,254900XDTS1IBK6ZMQ16,Q60741122,Chatswood,-33.79667,151.18139
ASX,ARB,ARB Corporation,Consumer Discretionary,,,Q109625709,,,
ASX,ARG,Argo Investments,Financials,http://www.argoinvestments.com.au,,Q4789628,Adelaide,-34.9275,138.6
ASX,ARI,Arrium,iron and steel industry,http://www.arrium.com/,,Q3244314,Sydney,-33.86778,151.21
ASX,ART,Airtasker,,https://www.airtasker.com/,,Q17000714,Sydney,-33.86778,151.21
ASX,ARU,Arafura Rare Earths,,https://www.arultd.com/,,Q16829889,,,
ASX,ASB,Austal,Industrials,https://www.austal.com/,,Q780696,Henderson,-32.169,115.781
ASX,ASK,Abacus Storage King,Real Estate,,,,,,
ASX,AST,AusNet Services,electric power industry,https://www.ausnetservices.com.au/,,Q7392701,Southbank,-37.829,144.957
ASX,ASX,ASX,Financials,https://www.asx.com.au/,549300VSBVYUCBIQKT71,Q732670,Sydney,-33.86778,151.21
ASX,ATB,Asian Development Bank,development aid,https://adb.org,549300X0MVH42CY8Q105,Q188822,Mandaluyong,14.58333,121.03333
ASX,ATM,Aneka Tambang,mining,http://www.antam.com/,,Q12472074,Jakarta,-6.17528,106.82694
ASX,AUB,AUB Group,Financials,,5493005X7SUBQF3OEG82,Q109626930,,,
ASX,AVG,Australian Vintage,winemaking,http://www.australianvintage.com.au/Home.aspx,,Q4824787,,,
ASX,AVH,Avita Medical,health care industry,http://www.avitamedical.com,,Q4828994,Perth,-31.95583,115.85972
ASX,AWC,Alumina Limited,aluminium industry,http://www.aluminalimited.com/,2138002VD9MW2WT8HR38,Q447403,Melbourne,-37.81417,144.96306
ASX,AXE,ARCHER MATERIALS LIMITED,,https://archerx.com.au/,,Q109432285,,,
ASX,AZJ,Aurizon,Industrials,http://www.aurizon.com.au/,,Q2783191,Brisbane,-27.46778,153.02778
ASX,BAP,Bapcor,,https://www.bapcor.com.au/,,Q109625710,Melbourne Airport,-37.6875,144.84056
ASX,BBN,Baby Bunting,,https://www.babybunting.com.au/,,Q109626935,,,
ASX,BEN,Bendigo & Adelaide Bank,Financials,https://www.bendigobank.com.au/,,Q4887077,Bendigo,-36.75,144.26667
ASX,BFL,BSP Financial Group,Financials,,549300000S0LQCY5B370,Q109625712,Port Moresby,-9.47889,147.14944
ASX,BGA,Bega Cheese,Consumer Staples,http://www.begacheese.com.au/,,Q22906698,Bega,-36.68472,149.84222
ASX,BGL,Bellevue Gold,Materials,https://bellevuegold.com.au/,,Q109626939,,,
ASX,BHP,BHP,Materials,https://www.bhp.com/,WZE1WSENV6JSZFK0JC28,Q625713,Melbourne,-37.81417,144.96306
ASX,BKG,Booktopia,retail,http://www.booktopia.com.au/,,Q22906861,,,
ASX,BKW,Brickworks Limited,,https://www.brickworks.com.au/,,Q4966056,,,
ASX,BLD,Boral,construction materials industry,https://www.boral.com/,,Q4944286,North Sydney,-33.83528,151.20944
ASX,BLX,Beacon Lighting,,https://www.beaconlighting.com.au/,,Q109626941,Mulgrave,-37.928,145.174
ASX,BMN,BANNERMAN ENERGY LTD,,https://bannermanenergy.com/,,Q109626943,,,
ASX,BOE,Boss Energy Ltd,,https://bossenergy.com/,9845000ED0A5F908A057,Q109626944,,,
ASX,BOQ,Bank of Queensland,Financials,https://www.boq.com.au/,,Q4856173,Brisbane,-27.46778,153.02778
ASX,BPT,Beach Energy,Energy,http://www.beachenergy.com.au/,,Q4875704,,,
ASX,BRG,Breville Group,Consumer Discretionary,https://brevillegroup.com/,,Q16846299,,,
ASX,BRL,Bathurst Resources,,https://bathurst.co.nz/,,Q104014123,Wellington,-41.28889,174.77722
ASX,BRN,BRAINCHIP HOLDINGS LTD,,https://brainchip.com/,529900BD8X9LIZTM7O70,Q109626945,,,
ASX,BSL,BlueScope,Materials,https://www.bluescope.com,,Q885589,120 Collins Street,-37.81383,144.9695
ASX,BST,Best & Less,retail,https://www.bestandless.com.au/,,Q4896542,Leichhardt,-33.8847,151.157
ASX,BVS,BRAVURA SOLUTIONS LIMITED.,,https://www.bravurasolutions.com/,,Q109626949,,,
ASX,BWP,BWP Trust,Real Estate,,2138004OCOD4YKJL7235,Q109625713,Ripon,54.13806,-1.52361
ASX,BXB,Brambles,Industrials,http://www.brambles.com/,,Q200687,Sydney,-33.86778,151.21
ASX,CAR,CAR Group,Communication Services,https://www.carsales.com.au/,,Q56064084,,,
ASX,CBA,Commonwealth Bank,Financials,https://www.commbank.com.au/,MSFSBD3QN1GSN7Q6C537,Q285328,Sydney,-33.86778,151.21
ASX,CCB,China Construction Bank,financial sector,https://ccb.com,,Q26299,Beijing,39.90403,116.40753
ASX,CCE,Carnegie Clean Energy,,https://carnegiece.com/,,Q112873809,,,
ASX,CCV,Cash Converters,retail,https://www.cashconverters.com.au/,,Q5048645,,,
ASX,CCX,City Chic Collective,,https://www.citychiccollective.com.au/,,Q83484143,Alexandria,-33.915,151.19278
ASX,CDA,Codan,Information Technology,http://www.codan.com.au/,,Q1105518,Mawson Lakes,-34.814,138.612
ASX,CDD,Cardno,,http://cardno.com,254900JIBZXX8PEW8339,Q5038758,Brisbane,-27.46778,153.02778
ASX,CEH,Coast Entertainment,,https://www.coastentertainment.com.au/,,Q3621865,Milsons Point,-33.84694,151.21167
ASX,CGC,Costa Group,agribusiness,https://costagroup.com.au,,Q28183349,Ravenhall,-37.765,144.75
ASX,CGF,Challenger,Financials,,,Q17515468,,,
ASX,CHC,Charter Hall,Real Estate,,,Q106163299,,,
ASX,CIA,Champion Iron,Materials,https://www.championiron.com/,894500WQI96G4T75O202,Q109625715,Montreal,45.50334,-73.58684
ASX,CIM,CIMIC Group,construction,http://www.cimic.com.au/,,Q1815063,Sydney,-33.86778,151.21
ASX,CIP,Centuria Industrial REIT,Real Estate,,,Q109625717,,,
ASX,CKF,Collins Foods,,http://www.collinsfg.com.au/,,Q28224589,,,
ASX,CLW,Charter Hall Long WALE REIT,Real Estate,,,Q106301506,,,
ASX,CMM,Capricorn Metals,Materials,https://capmetals.com.au/,529900CRG304NUYMOV23,Q109626962,,,
ASX,CMW,Cromwell Property Group,,https://www.cromwellpropertygroup.com,,Q107176395,,,
ASX,CNI,Centuria Capital Group,,https://centuria.com.au/,,Q109625718,,,
ASX,COH,Cochlear,Healthcare,http://www.cochlear.com/,5493001OLLWY8KV5UC08,Q5139356,Sydney,-33.86778,151.21
ASX,COL,Coles Group,Consumer Staples,https://www.colesgroup.com.au/,,Q131937428,,,
ASX,CPU,Computershare,Information Technology,http://www.computershare.com/,,Q176712,Melbourne,-37.81417,144.96306
ASX,CQR,Charter Hall Retail REIT,Real Estate,,,Q109625720,,,
ASX,CSC,Capstone Copper,Materials,https://capstonecopper.com/,,Q135643389,,,
ASX,CSL,CSL,Healthcare,http://www.csl.com.au/,529900ECSECK5ZDQTE14,Q908265,Melbourne,-37.81417,144.96306
ASX,CSR,CSR Limited,,http://www.csr.com.au,549300TOGR54OMW2T093,Q5014246,North Ryde,-33.79556,151.12194
ASX,CSV,CSG Limited,Print,http://www.csg.com.au/,,Q5014097,Brisbane,-27.46778,153.02778
ASX,CTD,Corporate Travel Management,Consumer Discretionary,,529900NSAKXFXS5XED26,Q109625721,,,
ASX,CTM,CENTAURUS METALS LIMITED,,https://www.centaurus.com.au/,,Q25419186,,,
ASX,CUV,Clinuvel Pharmaceuticals (Australia),,http://clinuvel.com/,,Q43896142,Melbourne,-37.81417,144.96306
ASX,CVL,Civmec,construction,https://www.civmec.com.au/,,Q104830562,,,
ASX,CWN,Crown Resorts Limited,gambling industry,https://www.crownresorts.com.au/,549300D88XW2GD6R0Y98,Q1029724,Melbourne,-37.81417,144.96306
ASX,CWY,Cleanaway,Industrials,https://www.cleanaway.com.au/,549300D5C72CV6CIBS66,Q7834757,Melbourne,-37.81417,144.96306
ASX,CXL,Calix Limited,agriculture,http://www.calix.com.au/,,Q5021440,Pymble,-33.74833,151.14278
ASX,CXO,CORE LITHIUM LTD,,https://www.corelithium.com.au/,529900FYS46XFGQKWI31,Q109626971,Adelaide,-34.9275,138.6
ASX,CYB,Virgin Money UK plc,financial sector,http://www.cybg.com,213800ZK9VGCYYR6O495,Q23022218,Glasgow,55.86111,-4.25
ASX,CYL,Catalyst Metals,Materials,,,,,,
ASX,DBI,Dalrymple Bay Infrastructure,Industrials,,,Q109626972,,,
ASX,DDR,Dicker Data,,https://www.dickerdata.com.au/,549300Z9AR1B5G2UQJ37,Q109625723,Sydney,-33.86778,151.21
ASX,DGL,DGL,,https://www.dglgroup.com/,,Q112136635,Melbourne,-37.81417,144.96306
ASX,DMP,Domino's Pizza Enterprises,,https://www.dominos.com.au/,,Q5291198,Hamilton,-27.437,153.059
ASX,DNL,Dyno Nobel,Materials,,,,,,
ASX,DOW,Downer Group,Industrials,http://www.downergroup.com/,,Q5303114,Sydney,-33.86778,151.21
ASX,DRO,Droneshield,Industrials,https://www.droneshield.com/,,Q112074473,Sydney,-33.86778,151.21
ASX,DRR,Deterra Royalties,Materials,,,Q109625724,,,
ASX,DTL,Data3,information technology,http://www.data3.com.au,,Q17002770,,,
ASX,DUB,Dubber,,http://www.dubber.net,,Q28446217,Melbourne,-37.81417,144.96306
ASX,DXS,Dexus,Real Estate,https://www.dexus.com/,,Q22907757,Australia Square,-33.865,151.20778
ASX,DYL,Deep Yellow,Energy,https://deepyellow.com.au/,529900FL7FGTGTVII319,Q109626980,,,
ASX,EBO,EBOS Group,Healthcare,,254900KJ40C7HBYTWC21,Q109625725,,,
ASX,EDV,Endeavour Group,Consumer Staples,https://endeavourgroup.com.au/,,Q107348258,,,
ASX,EGR,ECOGRAF LIMITED,,https://www.ecograf.com.au/,,Q109626984,,,
ASX,ELD,Elders Limited,agribusiness,http://www.elders.com.au/,254900Y0SQG962QL6549,Q5353983,Adelaide,-34.9275,138.6
ASX,ELX,Ellex Medical Lasers,industrial manufacturing,http://www.ellex.com,,Q4038008,Mawson Lakes,-34.814,138.612
ASX,EMH,European Metals Holdings,,https://www.europeanmet.com/,213800NZKFBQAMMLXC39,Q50390569,West Perth,-31.95,115.843
ASX,EMR,Emerald Resources,Materials,,,Q109626988,,,
ASX,EOS,Electro Optic Systems Holdings,Industrials,https://www.eos-aus.com/,,Q56612564,City of Hume,-37.68333,144.91667
ASX,ERA,Energy Resources of Australia,uranium mining,https://www.energyres.com.au/,,Q1330701,,,
ASX,EVN,Evolution Mining,Materials,https://evolutionmining.com.au,,Q107185599,,,
ASX,EVT,EVT,Communication Services,https://www.evt.com/,,Q28183400,Sydney,-33.86778,151.21
ASX,FCL,Fineos,software industry,http://www.fineos.com/,969500DMKZUPITNRRL27,Q5450143,Dublin,53.34972,-6.26028
ASX,FDR,Finder Energy Holdings Ltd,oil and gas extraction,https://finderenergy.com/,,Q131693938,Perth,-31.95583,115.85972
ASX,FGL,Foster's Group Limited,brewing industry,http://www.fosters.com.au/,,Q1313123,Melbourne,-37.81417,144.96306
ASX,FLN,freelancer.com,,http://www.freelancer.com,,Q5500950,Sydney,-33.86778,151.21
ASX,FLT,Flight Centre Travel Group,Consumer Discretionary,https://www.fctgl.com/,,Q5459202,Brisbane,-27.46778,153.02778
ASX,FMG,Fortescue,Materials,http://www.fmgl.com.au,529900VEJFORCO6I4826,Q1438957,Perth,-31.95583,115.85972
ASX,FRE,Freshtel,telecommunications,http://www.freshtelholdings.com/,,Q5503084,Melbourne,-37.81417,144.96306
ASX,FRW,Freightways Group,Industrials,,,,,,
ASX,FSF,Fonterra (Australia),,https://www.fonterra.com/au/en.html,,Q64143078,Victoria,-36.85417,144.28111
ASX,GDG,Generation Development Group,Financials,,,,,,
ASX,GEM,G8 Education,,https://g8education.edu.au,,Q107008081,,,
ASX,GGP,Greatland Resources,Materials,,,,,,
ASX,GLB,Globe International,skateboard,http://www.globe.tv/,,Q2096177,Melbourne,-37.81417,144.96306
ASX,GLN,GALAN LITHIUM LIMITED,,https://galanlithium.com.au/,529900DMKODFURRUHR79,Q109627000,,,
ASX,GMD,Genesis Minerals,Materials,https://genesisminerals.com.au/,,Q109627003,,,
ASX,GMG,Goodman Group,Real Estate,https://www.goodman.com/,,Q3110722,Sydney,-33.86778,151.21
ASX,GNC,GrainCorp,agriculture,http://www.graincorp.com.au,,Q5593491,,,
ASX,GNX,Genex Power,electric power industry,https://www.genexpower.com.au/,,Q106549404,Sydney,-33.86778,151.21
ASX,GOZ,GROWTHPOINT PROPERTIES AUSTRALIA,,https://growthpoint.com.au/,,Q109625727,,,
ASX,GPT,GPT Group,Real Estate,https://www.gpt.com.au,,Q3100507,Sydney,-33.86778,151.21
ASX,GQG,GQG Partners,Financials,,254900I3AQSQQQA75U50,Q109625728,,,
ASX,GRR,Grange Resources Limited,,https://www.grangeresources.com.au/,529900NMGGZAKQ0JZU73,Q109627006,Burnie,-41.06361,145.89194
ASX,GUD,G.U.D. HOLDINGS LIMITED,,https://gud.com.au/,254900KHH5GGEGUIZS22,Q109627007,,,
ASX,GXY,Galaxy Resources,mining,https://www.galaxyresources.com.au,,Q21031539,Australia,-25,133
ASX,HAS,HASTINGS TECHNOLOGY METALS LTD,,https://hastingstechmetals.com/,213800RXTZG7QHZSEA61,Q109627009,Perth,-31.95583,115.85972
ASX,HDN,HomeCo Daily Needs REIT,Real Estate,,,Q109627011,,,
ASX,HGH,HEARTLAND GROUP HOLDINGS LIMITED,,https://www.heartland.co.nz/,5493003WFKAUU0ZULX12,Q109627012,Auckland,-36.84917,174.76528
ASX,HLO,Helloworld Travel,,https://www.helloworld.com.au/,894500ONC2MO5CNDRN40,Q48772712,,,
ASX,HLS,Healius Limited,health care industry,https://www.healius.com.au/,529900MBZK3SLWK8SJ55,Q109625730,Sydney,-33.86778,151.21
ASX,HM1,HEARTS AND MINDS INVESTMENTS LIMITED,,https://www.heartsandmindsinvestments.com.au/,2549002S6SA5DJZXRD63,Q109627013,,,
ASX,HPG,Hipages Group,,http://www.hipages.com.au/,,Q18165749,Sydney,-33.86778,151.21
ASX,HPI,HOTEL PROPERTY INVESTMENTS,,https://www.hpitrust.com.au/,,Q109627014,,,
ASX,HUB,HUB24,Financials,https://www.hub24.com.au/,,Q109625733,,,
ASX,HVN,Harvey Norman,Consumer Discretionary,https://harveynorman.com.au/,,Q4040441,Sydney,-33.86778,151.21
ASX,HYT,HyTerra,,https://hyterra.com,,Q125144516,,,
ASX,IAG,Insurance Australia Group,Financials,http://www.iag.com.au/,,Q1665336,Sydney,-33.86778,151.21
ASX,ICB,Industrial and Commercial Bank of China,financial services,https://www.icbc.com.cn,5493002ERZU2K9PZDL40,Q26463,Beijing,39.90403,116.40753
ASX,IDA,Indiana Resources Ltd,mineral exploration,http://indianaresources.com.au/,,Q17051737,Adelaide,-34.9275,138.6
ASX,IEL,IDP Education,,http://www.idp.com,,Q5970065,,,
ASX,IFL,Insignia Financial,Financials,https://www.ioof.com.au/,,Q5972875,Melbourne,-37.81417,144.96306
ASX,IFN,Infigen Energy,,http://www.infigenenergy.com/,,Q6029640,Sydney,-33.86778,151.21
ASX,IGO,IGO,Materials,,2549005DZO8VGXM5QN07,Q109625734,,,
ASX,ILU,Iluka Resources,Materials,http://www.iluka.com,,Q1117761,Perth,-31.95583,115.85972
ASX,IMD,IMDEX,Materials,,,Q109627023,,,
ASX,IMM,Immutep,pharmaceutical industry,http://www.immutep.com/,,Q19877253,Sydney,-33.86778,151.21
ASX,IMU,Imugene,biotechnology,http://www.imugene.com/,,Q25245408,Melbourne,-37.81417,144.96306
ASX,ING,Inghams Enterprises,,https://inghams.com.au,,Q6032466,Liverpool,-33.92306,150.915
ASX,INM,Iron Mountain Incorporated,computer storage media,http://www.ironmountain.com/,SQL3F6CKNNBM3SQGHX24,Q1673079,Boston,42.36028,-71.05778
ASX,IPD,Impedimed (Australia),,https://www.impedimed.com/,,Q104480726,,,
ASX,IPL,Incitec Pivot,mining,http://www.incitecpivot.com.au/,,Q1660969,Melbourne,-37.81417,144.96306
ASX,IRE,IRESS,software industry,https://www.iress.com,,Q5973461,Melbourne,-37.81417,144.96306
ASX,IVC,Invocare Limited,,http://www.invocare.com.au,254900NXGMD1P0TNBV71,Q17051834,Sydney,-33.86778,151.21
ASX,JBH,JB Hi-Fi,Consumer Discretionary,https://jbhifi.com.au/,,Q3310113,Melbourne,-37.81417,144.96306
ASX,JDO,Judo Bank,finance,https://www.judo.bank/,984500684463DE39F645,Q55615392,Melbourne,-37.81417,144.96306
ASX,JHG,Janus Henderson,investment management,https://www.janushenderson.com/,2138009WPYMWJN3RVF44,Q30325409,City of London,51.51556,-0.09306
ASX,JHX,James Hardie,Materials,https://www.jameshardie.com/,,Q6135535,Ireland,53.351,-7.921
ASX,JIN,Jumbo Interactive,lottery,http://www.jumbointeractive.com,,Q6310889,Brisbane,-27.46778,153.02778
ASX,JMS,JUPITER MINES LIMITED.,,https://www.jupitermines.com/,,Q109627028,,,
ASX,JRV,JERVOIS GLOBAL LIMITED,,http://www.jervoisglobal.com,52990001DIVURT3JB972,Q109627029,,,
ASX,KED,Keypath Education,educational technology,https://keypathedu.com/,,Q109627033,,,
ASX,KGN,Kogan Technologies,retail,http://www.kogan.com.au,,Q6425763,Melbourne,-37.81417,144.96306
ASX,L1G,L1 Group,Financials,,,,,,
ASX,LCT,Living Cell Technologies,,http://www.lctglobal.com/,,Q95975802,Manukau City,-36.98333,174.88333
ASX,LGR,Lanka Graphite Limited,mining,http://lankagraphite.com.au,,Q28219797,Melbourne,-37.81417,144.96306
ASX,LIC,LIFESTYLE COMMUNITIES LIMITED,,https://www.lifestylecommunities.com.au/,,Q109625736,,,
ASX,LLC,Lendlease,Real Estate,http://www.lendlease.com/,,Q185651,Sydney,-33.86778,151.21
ASX,LNW,Light & Wonder,Consumer Discretionary,http://www.scientificgames.com/,529900JXALYBOHXKFM62,Q7433758,Enterprise,36.03139,-115.19806
ASX,LOT,Lotus Resources Limited,,https://lotusresources.com.au/,,Q106441604,West Perth,-31.95,115.843
ASX,LOV,Lovisa,Consumer Discretionary,https://www.lovisa.com/,549300R4Y8GURIO5MN11,Q106298409,,,
ASX,LTM,Arcadium Lithium,chemical industry,https://arcadiumlithium.com/,,Q131308915,,,
ASX,LTR,Liontown Resources,Materials,,529900LT0V2IEL7WZY56,Q109625740,,,
ASX,LYC,Lynas Rare Earths,Materials,http://www.lynascorp.com/,529900SGT9M1FJPXXI35,Q6708384,Sydney,-33.86778,151.21
ASX,MAF,MA Financial Group Limited,financial sector,https://mafinancial.com/,,Q109627043,Sydney,-33.86778,151.21
ASX,MAH,Macmahon Holdings,mining,http://www.macmahon.com.au,,Q6724710,Perth,-31.95583,115.85972
ASX,MAQ,Macquarie Technology Group,,https://www.macquarietechnologygroup.com/,,Q29024988,Sydney,-33.86778,151.21
ASX,MBH,Maggie Beer Holdings,,https://www.maggiebeerholdings.com.au/,,Q69623795,Melbourne,-37.81417,144.96306
ASX,MFF,MFF Capital Investments,Financials,,549300OYTXE8HSZSYH82,Q109627047,,,
ASX,MFG,Magellan Financial Group,Financials,https://www.magellangroup.com.au/,,Q106301368,,,
ASX,MGR,Mirvac,Real Estate,http://www.mirvac.com/,,Q3316188,Sydney,-33.86778,151.21
ASX,MGX,MOUNT GIBSON IRON LIMITED,,https://www.mtgibsoniron.com.au/,254900QOF9A5FW2FHD67,Q109627049,,,
ASX,MHJ,Michael Hill Jeweller,jewelry,https://www.michaelhill.com.au/,,Q3308250,Brisbane,-27.46778,153.02778
ASX,MIN,Mineral Resources,Materials,https://www.mineralresources.com.au/,5493008FLK5J6UQRZT08,Q108541568,,,
ASX,MLX,METALS X LIMITED,,https://www.metalsx.com.au/,549300PYQIA9NE598013,Q109627051,Perth,-31.95583,115.85972
ASX,MMM,Marley Spoon Inc.,food delivery,http://marleyspoon.com/,,Q101568596,Berlin,52.51667,13.38333
ASX,MND,Monadelphous Group,Industrials,https://www.monadelphous.com.au/,5299007YT51BCWZTYW93,Q109627054,,,
ASX,MNL,Manaccom,software industry,http://www.manac.com.au/,,Q4043674,Queensland,-20,143
ASX,MPL,Medibank,Financials,https://www.medibank.com.au,,Q6806228,Melbourne,-37.81417,144.96306
ASX,MQG,Macquarie Group,Financials,https://www.macquarie.com/,4ZHCHI4KYZG2WVRT8631,Q1200904,State Savings Bank building,-33.86729,151.2102
ASX,MSB,Mesoblast,Healthcare,http://www.mesoblast.com/,,Q25326524,,,
ASX,MTS,Metcash,Consumer Staples,http://www.metcash.com/,25490065W4SN3LZMX216,Q23073728,,,
ASX,MVF,Monash IVF,,https://monashivf.com/,,Q107519334,,,
ASX,MVP,Medical Developments International (Australia),,http://www.medicaldev.com/,,Q30273451,Victoria,-36.85417,144.28111
ASX,MXI,MaxiPARTS,,https://www.maxiparts.com.au,,Q126167091,Truganina,-37.817,144.75
ASX,MXT,Metrics Master Income Trust,Financials,,,Q109627059,,,
ASX,MYR,Myer,retail,https://www.myer.com.au/,,Q1110323,Melbourne,-37.81417,144.96306
ASX,MYX,Mayne Pharma,pharmaceutical industry,https://www.maynepharma.com/,,Q104481098,Salisbury,-34.7639,138.642
ASX,NAB,National Australia Bank,Financials,https://www.nab.com.au/,F8SB4JFBSYQFRQEH3Z21,Q1430985,Melbourne,-37.81417,144.96306
ASX,NCK,Nick Scali Furniture,industrial manufacturing,https://www.nickscali.com.au/,,Q17053453,Lidcombe,-33.85611,151.05111
ASX,NCM,Newcrest Mining,mining industry,http://www.newcrest.com.au/,5299006MN50OZJUJI655,Q836945,Melbourne,-37.81417,144.96306
ASX,NEA,Nearmap,,https://www.nearmap.com/,,Q6984346,Sydney,-33.86778,151.21
ASX,NEC,Nine Entertainment Co.,entertainment,https://www.nineforbrands.com.au/,,Q16999054,Sydney,-33.86778,151.21
ASX,NEM,Newmont,Materials,http://www.newmont.com,549300VSP3RIX7FGDZ51,Q1785405,Denver,39.73917,-104.98472
ASX,NEU,Neuren Pharmaceuticals (New Zealand),,http://www.neurenpharma.com/,,Q43895074,Auckland,-36.84917,174.76528
ASX,NGI,Navigator Global Investments,investment management,https://www.navigatorglobal.com.au/,9845000577CDA8B2C946,Q109627061,,,
ASX,NHC,New Hope,Energy,,254900DHRUGXZSLSNZ83,Q109627062,,,
ASX,NHF,Nib,Financials,http://www.nib.com.au/,,Q7024171,Newcastle,-32.91667,151.75
ASX,NIB,Nordic Investment Bank,financial services,http://nib.int,213800HYL1S7VAXG6Z48,Q2020649,Helsinki,60.17083,24.9375
ASX,NIC,Nickel Industries,Materials,,,Q109625743,,,
ASX,NSR,National Storage,Real Estate,https://nationalstorage.nz,,Q21178908,Brisbane,-27.46778,153.02778
ASX,NST,Northern Star Resources,Materials,https://www.nsrltd.com/,,Q106238955,,,
ASX,NSX,National Stock Exchange Of Australia Limited,financial services,https://www.nsxa.com.au,,Q6978710,Sydney,-33.86778,151.21
ASX,NTU,Northern Minerals (Australia),,https://northernminerals.com.au/,,Q97041216,Western Australia,-26,121
ASX,NUF,Nufarm,chemical industry,http://www.nufarm.com/,,Q900401,Melbourne,-37.81417,144.96306
ASX,NVX,NOVONIX LIMITED,,https://www.novonixgroup.com/,222100J5P8E39WB5ER62,Q109625744,,,
ASX,NWH,NRW Holdings,Industrials,https://nrw.com.au/,,Q109627066,,,
ASX,NWL,Netwealth Group,Financials,,,Q109625745,,,
ASX,NWS,News Corp Class B,Communication Services,https://newscorp.com/,549300ITS31QK8VRBQ14,Q14289857,New York City,40.71278,-74.00611
ASX,NXG,Nexgen Energy,Energy,http://nexgenenergy.ca,,Q107095686,Vancouver,49.26083,-123.11389
ASX,NXL,Nuix,software industry,http://www.nuix.com/,,Q7068822,Sydney,-33.86778,151.21
ASX,NXT,NextDC,Information Technology,https://www.nextdc.com/,529900RTERU3X7G3D672,Q55696290,Brisbane,-27.46778,153.02778
ASX,OBM,Ora Banda Mining,Materials,,,,,,
ASX,OGC,OceanaGold,,http://www.oceanagold.com/,,Q1649749,Melbourne,-37.81417,144.96306
ASX,OML,oOh!media,advertising,https://oohmedia.com.au/,,Q55627190,,,
ASX,ONT,1300 SMILES,,https://www.1300smiles.com.au/,,Q104839317,,,
ASX,ORA,Orora,Materials,,549300WFEQJK35VDF789,Q109625746,,,
ASX,ORG,Origin Energy,Utilities,https://www.originenergy.com.au,,Q847931,Sydney,-33.86778,151.21
ASX,ORI,Orica,Materials,https://www.orica.com/,,Q836984,Melbourne,-37.81417,144.96306
ASX,OVN,Oventus Medical,,http://www.oventusmedical.com/,,Q29051871,Queensland,-20,143
ASX,PAR,PARADIGM BIOPHARMACEUTICALS LIMITED..,,https://paradigmbiopharma.com/,,Q109627079,,,
ASX,PDI,Predictive Discovery,Materials,,,Q109627082,,,
ASX,PDN,Paladin Energy,Energy,http://www.paladinenergy.com.au/,,Q2046830,Perth,-31.95583,115.85972
ASX,PGL,Prospa,financial services,https://www.prospa.com/,,Q133284115,Sydney,-33.86778,151.21
ASX,PLS,PLS Group,Materials,http://www.pilbaraminerals.com.au/,,Q56064089,,,
ASX,PLY,PlaySide Studios,video game industry,https://www.playsidestudios.com/,,Q109610462,,,
ASX,PME,Pro Medicus,Healthcare,https://www.promed.com.au/,,Q109625750,,,
ASX,PMV,Premier Investments,Consumer Discretionary,,,Q109625751,,,
ASX,PNI,Pinnacle Investment Management,Financials,,,Q109625752,,,
ASX,PNW,Pacific Star Network,,http://pacificstarnetwork.com.au/,,Q7122705,Richmond,-37.823,144.998
ASX,PPC,Peet,Real Estate Company,http://www.peet.com.au/,,Q19876921,Perth,-31.95583,115.85972
ASX,PPT,Perpetual,Financials,https://www.perpetual.com.au/,549300US8OE0UQWXPO82,Q7169536,Sydney,-33.86778,151.21
ASX,PRN,Perenti,Materials,,25490044GUNE4S2E6K11,Q109627098,,,
ASX,PRU,Perseus Mining,Materials,https://perseusmining.com/,54930054ZDGKBCW3SM26,Q109625753,,,
ASX,PTM,Platinum Asset Management,,https://www.platinum.com.au/,,Q106670659,,,
ASX,PWR,Peter Warren Automotive,,https://www.peterwarren.com.au/,,Q109627102,,,
ASX,PXA,Pexa Group,Real Estate,,,Q109625755,,,
ASX,PYC,PYC Therapeutics (Australia),,https://pyctx.com/,,Q104481454,Western Australia,-26,121
ASX,QAN,Qantas,Industrials,https://www.qantas.com,YLXNW6TI6QSK1H8H0N82,Q32491,Mascot,-33.93167,151.19278
ASX,QBE,QBE Insurance,Financials,http://www.qbe.com/,,Q138736,Sydney,-33.86778,151.21
ASX,QUB,Qube Holdings,Industrials,https://qube.com.au/,,Q7269644,Sydney,-33.86778,151.21
ASX,RBL,Redbubble,,http://www.redbubble.com,,Q7303547,Melbourne,-37.81417,144.96306
ASX,RDX,Redox,Industrials,,,,,,
ASX,REA,REA Group,Communication Services,http://www.rea-group.com,,Q7276284,Melbourne,-37.81417,144.96306
ASX,REG,Regis Healthcare,Healthcare,,,Q60775789,,,
ASX,REH,Reece Group,Industrials,https://group.reece.com/,,Q29025524,Melbourne,-37.81417,144.96306
ASX,REX,Rex Airlines,commercial aviation,http://www.rex.com.au,,Q788906,Mascot,-33.93167,151.19278
ASX,RGN,Region Group,Real Estate,,,,,,
ASX,RHC,Ramsay Health Care,Healthcare,http://www.ramsayhealth.com/,,Q17054333,Sydney,-33.86778,151.21
ASX,RIO,Rio Tinto,Materials,https://www.riotinto.com/,,Q821293,London,51.50722,-0.1275
ASX,RKN,Reckon,information technology,http://www.reckon.com/,,Q22908178,,,
ASX,RMD,ResMed,Healthcare,http://www.resmed.com/,,Q7314903,San Diego,32.715,-117.1625
ASX,RMS,Ramelius Resources,Materials,,254900E44AIGW7KKNR98,Q109627115,,,
ASX,RRL,Regis Resources,Materials,https://www.regisresources.com.au/,213800XH9YUXBLYBD749,Q109627116,,,
ASX,RSG,Resolute Mining,Materials,https://www.rml.com.au/,254900MP8JONT590XY28,Q109627117,Perth,-31.95583,115.85972
ASX,RWC,Reliance Worldwide Corporation,Industrials,,549300YYU5MZ1LJGE392,Q107261056,Wilmington,39.74833,-75.55139
ASX,S32,South32,Materials,https://www.south32.net/,213800LAZNPXSBKVHR17,Q20648697,Perth,-31.95583,115.85972
ASX,SBM,St Barbara,gold mining,http://www.stbarbara.com.au/,,Q22909034,,,
ASX,SCG,Scentre Group,Real Estate,https://www.scentregroup.com,,Q18378048,Sydney,-33.86778,151.21
ASX,SCN,Scorpion Minerals Ltd,mineral exploration,http://scorpionminerals.com.au,,Q131693959,Perth,-31.95583,115.85972
ASX,SDF,Steadfast Group,Financials,,,Q109625758,,,
ASX,SEK,Seek,Communication Services,http://www.seek.com.au,549300209NEKXBC8QO27,Q23680064,,,
ASX,SFR,Sandfire Resources,Materials,https://www.sandfire.com.au/,213800ZW52P23FVH1V47,Q109625759,,,
ASX,SGH,SGH,Industrials,http://www.slatergordon.com.au,,Q7538893,Melbourne,-37.81417,144.96306
ASX,SGLLV,Ricegrowers Limited,,http://www.sunrice.com.au,549300RYODFD7C80YZ70,Q7323125,Sydney,-33.86778,151.21
ASX,SGM,Sims Metal,Materials,http://www.simsmm.com/,,Q7521234,New York,43,-75
ASX,SGP,Stockland,Real Estate,https://www.stockland.com.au/,,Q1437959,Sydney,-33.86778,151.21
ASX,SGR,The Star Entertainment Group,tourism,https://www.starentertainmentgroup.com.au/,,Q19873097,Australia,-25,133
ASX,SHJ,Shine Lawyers,,https://www.shine.com.au,,Q17033391,Brisbane,-27.46778,153.02778
ASX,SHL,Sonic Healthcare,Healthcare,http://www.sonichealthcare.com/,,Q7561817,Macquarie Park,-33.7772,151.12412
ASX,SHV,Select Harvests,agribusiness,http://www.selectharvests.com.au/,,Q7447653,Melbourne,-37.81417,144.96306
ASX,SHZ,Shinhan Bank,financial sector,https://www.shinhan.com/,988400EB8A6G49E5KO54,Q487230,Seoul,37.56,126.99
ASX,SIG,Sigma Healthcare,Healthcare,http://www.sigmaco.com.au/,529900BZSP3BK7GYAO50,Q7512351,,,
ASX,SKI,Spark Infrastructure,investment fund,http://www.sparkinfrastructure.com,,Q7573627,Sydney,-33.86778,151.21
ASX,SLK,SeaLink Travel Group,tourism industry,http://www.sealinktravelgroup.com.au/,,Q18754892,Adelaide,-34.9275,138.6
ASX,SMR,Stanmore Resources,Materials,,,,,,
ASX,SNG,Siren Gold,mining industry,https://sirengold.com.au,,Q126687015,Perth,-31.95583,115.85972
ASX,SNZ,Summerset Group Holdings,Healthcare,,,Q109625760,,,
ASX,SOL,Soul Patts,Financials,https://www.whsp.com.au/,,Q7971893,Sydney,-33.86778,151.21
ASX,SPL,Starpharma (Australia),,http://www.starpharma.com/,,Q30291844,Melbourne,-37.81417,144.96306
ASX,SRV,Servcorp,serviced office,http://www.servcorp.com,,Q3480031,Sydney,-33.86778,151.21
ASX,SSR,SSR Mining,zinc industry,http://www.silverstandard.com,,Q7516369,Vancouver,49.26083,-123.11389
ASX,ST1,Spirit Technology Solutions,telecommunications industry,https://www.spirit.com.au/,,Q114996958,South Melbourne,-37.835,144.96
ASX,STO,Santos,Energy,http://www.santos.com/,5299000RK70B5O2M7077,Q846914,Adelaide,-34.9275,138.6
ASX,SUL,Super Retail Group,Consumer Discretionary,http://www.superretailgroup.com.au,,Q48803019,,,
ASX,SUN,Suncorp,Financials,http://suncorpgroup.com.au,549300BVOKRTHDIWVT46,Q2366028,Brisbane,-27.46778,153.02778
ASX,SVW,Seven Group Holdings,mining,http://www.sevengroup.com.au/,,Q7457267,Pyrmont,-33.86861,151.19278
ASX,SXL,Southern Cross Media Group,mass media,http://www.southerncrossaustereo.com.au/,,Q7569838,Sydney,-33.86778,151.21
ASX,SXR,Virgin Australia Regional Airlines,,http://www.virginaustralia.com/au/en/skywest/,,Q608421,Perth,-31.95583,115.85972
ASX,SXY,Senex Energy Limited,petroleum industry,http://www.senexenergy.com.au/,261700ZXBROOT65KIC41,Q17032158,,,
ASX,SYA,SAYONA MINING LIMITED,,https://sayonamining.com.au/,5299007N8RQDP4IN4F31,Q109627130,,,
ASX,SYD,Sydney Airports Corporation Limited,aviation,http://www.sydneyairport.com.au/Corporate,,Q4121167,Sydney,-33.86778,151.21
ASX,SZL,Sezzle,fintech,http://www.sezzle.com/,,Q85800542,Minneapolis,44.98194,-93.26917
ASX,TAH,Tabcorp,Consumer Discretionary,http://www.tabcorp.com.au,213800OCCFUN67NEY278,Q2386447,Melbourne,-37.81417,144.96306
ASX,TCL,Transurban,Industrials,http://www.transurban.com,,Q3538015,Melbourne,-37.81417,144.96306
ASX,TGR,Tassal,salmon culture,http://www.tassal.com.au/,,Q7687626,Hobart,-42.88333,147.31667
ASX,TLC,The Lottery Corporation,Consumer Discretionary,,,Q140407863,,,
ASX,TLG,TALGA GROUP LTD,,http://www.talgagroup.com,,Q109627133,,,
ASX,TLS,Telstra,Communication Services,https://www.telstra.com.au,PCTXNQGRJVR3OG33JG65,Q721162,Melbourne,-37.81417,144.96306
ASX,TLX,Telix Pharmaceuticals,Healthcare,https://telixpharma.com/,,Q109627134,,,
ASX,TNE,TechnologyOne,Information Technology,,875500YEWBJIM91P9N12,Q109625761,,,
ASX,TPG,TPG Telecom,Communication Services,https://www.tpgtelecom.com.au/,,Q7939276,North Sydney,-33.83528,151.20944
ASX,TPW,Temple & Webster,online shopping,https://www.templeandwebster.com.au/,,Q29098099,,,
ASX,TSE,Broadspectrum,infrastructure,http://www.transfieldservices.com/,,Q7834044,North Sydney,-33.83528,151.20944
ASX,TTS,Tatts Group,gambling,http://www.tattsgroup.com//,,Q7688473,Queensland,-20,143
ASX,TUA,Tuas,Communication Services,,,Q109627136,,,
ASX,TWE,Treasury Wine Estates,Consumer Staples,http://www.tweglobal.com/,,Q7836817,Melbourne,-37.81417,144.96306
ASX,TYR,Tyro Payments,,http://www.tyro.com/,,Q7861540,Sydney,-33.86778,151.21
ASX,TZL,TZ Limited,engineering,http://www.tzlimited.com,,Q7672614,Chicago,41.88194,-87.62778
ASX,UNI,Universal Store,fashion,https://www.universalstore.com/,,Q96412731,,,
ASX,URW,Unibail Rodamco Westfield,,https://www.urw.com/,969500SHQITWXSIS7N89,Q608518,Paris,48.85667,2.35222
ASX,VAH,Virgin Australia Holdings,aircraft industry,http://www.virginaustralia.com/au/en/about-us/company-overview/,254900SNPW6V9967CJ18,Q874131,Bowen Hills,-27.4432,153.038
ASX,VAR,Variscan Mines Limited,mining,http://www.variscan.com.au/,,Q30329357,,,
ASX,VAU,Vault Minerals,Materials,,,,,,
ASX,VCX,Vicinity Centres,Real Estate,https://www.vicinity.com.au,,Q1054327,Melbourne,-37.81417,144.96306
ASX,VEA,Viva Energy,Energy,https://www.vivaenergy.com.au/,,Q77024439,,,
ASX,VGN,Virgin Australia Holdings,Industrials,http://www.virginaustralia.com/,25490007BKCOB4T1PK16,Q727074,Bowen Hills,-27.4432,153.038
ASX,VNL,Vinyl Group Ltd,,https://www.vinyl.group,,Q135653398,,,
ASX,VNT,Ventia Services Group,Industrials,,,Q118965576,,,
ASX,VPG,Vodafone,telecommunications industry,https://www.vodafone.com/,213800TB53ELEUKM7Q61,Q122141,London,51.50722,-0.1275
ASX,VRL,Village Roadshow,film industry,http://villageroadshow.com.au,,Q825291,Melbourne,-37.81417,144.96306
ASX,VRT,Virtus Health,in vitro fertilization,http://www.virtushealth.com.au/,,Q28134054,,,
ASX,VUL,Vulcan Energy Resources,,https://v-er.eu/,8945006OYFHQ9HE4XE54,Q109627145,Perth,-31.95583,115.85972
ASX,WAF,West African Resources,Materials,,,Q109627146,,,
ASX,WAM,WAM Capital,Financials,,,Q109627147,,,
ASX,WBA,Webster Limited,,http://www.websterltd.com.au/,,Q22909732,Tasmania,-42,147
ASX,WBC,Westpac,Financials,https://www.westpac.com.au/,EN5TNI6CI43VEPAMHL14,Q2031726,Westpac Place,-33.86579,151.20414
ASX,WBT,Weebit Nano,,https://www.weebit-nano.com/,,Q108293532,,,
ASX,WCI,Waratah Coal,,https://www.waratahcoal.com/,,Q111913616,,,
ASX,WDS,Woodside Energy Group,Energy,https://www.woodside.com/,2549005ZC5RXAOO7FH41,Q1812208,Perth,-31.95583,115.85972
ASX,WEB,Webjet Limited,tourism,https://www.webjet.com.au/,21380064YZG4XMO4CW38,Q7978791,City of Melbourne,-37.81361,144.96306
ASX,WES,Wesfarmers,Consumer Discretionary,http://www.wesfarmers.com.au,5493003L32ZX9557ST85,Q908144,Perth,-31.95583,115.85972
ASX,WGX,Westgold Resources,Materials,https://www.westgold.com.au/,2549003AMX9BL7CKBQ74,Q109627151,Perth,-31.95583,115.85972
ASX,WHC,Whitehaven Coal,Energy,https://whitehavencoal.com.au/,,Q107481791,,,
ASX,WLE,WAM Leaders,Financials,,,Q109627153,,,
ASX,WOR,Worley,Energy,https://www.worley.com/,,Q3570041,Sydney,-33.86778,151.21
ASX,WOW,Woolworths Group,Consumer Staples,https://www.woolworthsgroup.com.au/,,Q607272,Sydney,-33.86778,151.21
ASX,WPG,WPG Resources Ltd,mining,http://wpgresources.com.au/,,Q17040762,Sydney Central Business District,-33.86889,151.20833
ASX,WTC,Wisetech Global,Information Technology,https://www.wisetechglobal.com/,254900VE3AF301Q85K83,Q106253738,Sydney,-33.86778,151.21
ASX,XAO,All Ordinaries,,https://www.spglobal.com/spdji/en/indices/equity/all-ordinaries/#overview,,Q2603489,,,
ASX,XFL,S&P/ASX 50,,https://www.spglobal.com/spdji/en/indices/equity/sp-asx-50/#overview,,Q2204387,,,
ASX,XJO,S&P/ASX 200,,https://www.spglobal.com/spdji/en/indices/equity/sp-asx-200/#overview,,Q3458980,,,
ASX,XKO,S&P/ASX 300,,https://www.spglobal.com/spdji/en/indices/equity/sp-asx-300/,,Q7386988,,,
ASX,XRO,Xero,Information Technology,https://www.xero.com/,,Q8043794,Wellington,-41.28889,174.77722
ASX,XYX,"Block, Inc.",Financials,https://block.xyz/,549300OHIIUWSTIZME52,Q110778747,San Francisco,37.775,-122.41944
ASX,YAL,Yancoal Australia,Materials,https://www.yancoal.com.au/,,Q4865759,,,
ASX,Z1P,Zip Co Limited,financial services,https://zip.co/,254900RM95URFC15G140,Q56255290,,,
ASX,ZIM,Zimplats Holdings,Materials,https://www.zimplats.com/,,Q109625764,,,
ASX,ZIP,Zip,Financials,http://zip.co/,,Q109743452,,,
NZX,ACE,Ascension Capital,,,,,,,
NZX,AFC,AFC Group,,,,,,,
NZX,AFI,Australian Foundation Investment Company,,,,,,,
NZX,AFT,AFT Pharmaceuticals,,,,,,,
NZX,AGL,Accordant Group,,,,,,,
NZX,AIR,Air New Zealand,air transport,https://www.airnewzealand.com,,Q204296,Auckland,-36.84917,174.76528
NZX,AKL,Auckland Real Estate Trust,,,,,,,
NZX,ALF,Allied Farmers,,,,,,,
NZX,APA,The Asia Pacific Trust,,,,,,,
NZX,APL,Asset Plus,,,,,,,
NZX,ARB,ArborGen Holdings,,,,,,,
NZX,ARG,Argosy Property,,,,,,,
NZX,ARV,Arvida Group,,,,,,,
NZX,BFG,Burger Fuel,restaurant,https://www.burgerfuel.com/,,Q4998537,Auckland,-36.84917,174.76528
NZX,BGI,Blackwell Global Holdings,,,,,,,
NZX,BGP,Briscoe Group,retail,https://www.briscoegroup.co.nz/,,Q4968659,Morningside,-36.8788,174.733
NZX,BIT,The Bankers Investment Trust plc,,,,,,,
NZX,BLT,Blis Technologies,biotechnology,http://www.blis.co.nz,,Q4926813,Dunedin,-45.87417,170.50361
NZX,BPG,Blackpearl Group,,,,,,,
NZX,BRM,Barramundi,,,,,,,
NZX,CAV,Cavalier Corporation,,,,Q1051723,Auckland,-36.84917,174.76528
NZX,CBD,Cannasouth,,,,,,,
NZX,CDI,CDL Investment New Zealand,,,,,,,
NZX,CEN,Contact Energy,trade of electricity,http://www.contactenergy.co.nz/,,Q1128439,Wellington,-41.28889,174.77722
NZX,CGF,Cooks Global Foods,,,,,,,
NZX,CMO,The Colonial Motor Company,,,,,,,
NZX,CNU,Chorus,telecommunications industry,https://www.chorus.co.nz/,R7NJHU48LTCIOB9BVU57,Q5105276,Wellington,-41.28889,174.77722
NZX,CRP,Chatham Rock Phosphate,,,,,,,
NZX,CVT,Comvita Limited,,,,,,,
NZX,DGL,Delegat Group,,,,,,,
NZX,DOW,Downer EDI Works,,http://www.downergroup.com/,,Q5303113,,,
NZX,EBO,Ebos Group,,,,,,,
NZX,ENS,Enprise Group,,,,,,,
NZX,ERD,Eroad,,,,,,,
NZX,EVO,Evolve Education Group,,,,,,,
NZX,FBU,Fletcher Building,construction,http://www.fletcherbuilding.co.nz/,549300UPHQTT2LG75045,Q246946,Auckland City,-36.873,174.755
NZX,FCG,Fonterra,dairying,http://www.fonterra.com,549300NCQQ9E4O5JX172,Q946370,Auckland,-36.84917,174.76528
NZX,FCT,Foreign & Colonial Investment Trust plc,,,,,,,
NZX,FPH,Fisher & Paykel Healthcare,,http://www.fphcare.com,,Q5454753,Auckland,-36.84917,174.76528
NZX,FRE,Freightways,,,,,,,
NZX,FWL,Foley Wines,,,,,,,
NZX,GEN,General Capital,,,,,,,
NZX,GEO,Geo Limited,,http://www.geoop.com,,Q16839847,Auckland,-36.84917,174.76528
NZX,GFI,Greenfern Industries,,,,,,,
NZX,GFL,Geneva Finance,,,,,,,
NZX,GNE,Genesis Energy Limited,energy industry,http://www.genesisenergy.co.nz/,254900HM1ABRDJ7T5718,Q5532825,Auckland City,-36.873,174.755
NZX,GSH,Good Spirits Hospitality,,,,,,,
NZX,GTK,Gentrack Group Ltd,,,,,,,
NZX,GWC,Goodwood Capital,,,,,,,
NZX,GXH,Green Cross Health,,https://www.greencrosshealth.co.nz/,,Q7180825,Auckland,-36.84917,174.76528
NZX,HGH,Heartland Group Holdings,financial services,http://www.heartland.co.nz/,,Q17051112,Christchurch,-43.53111,172.63611
NZX,HLG,Hallenstein Glassons Holdings,retail,,,Q24189399,Auckland,-36.84917,174.76528
NZX,HMY,Harmoney Group,personal finance,http://www.harmoney.co.nz/,,Q18348448,Auckland,-36.84917,174.76528
NZX,IFT,Infratil,trade of electricity,http://www.infratil.com/,,Q1662683,Wellington,-41.28889,174.77722
NZX,IKE,ikeGPS,,http://www.ikegps.com,,Q7647104,Wellington,-41.28889,174.77722
NZX,IPL,Investore Property,,,,,,,
NZX,JLG,Just Life Group,,,,,,,
NZX,JPG,JPMorgan Global Growth & Income plc,economics of banking,https://www.jpmorganchase.com/,8I5DZWZKVSZI1NUHU748,Q192314,New York City,40.71278,-74.00611
NZX,KFL,Kingfish Limited,,,,,,,
NZX,KMD,KMD Brands,retail,https://www.kathmandu.com.au,,Q1736294,Christchurch,-43.53111,172.63611
NZX,KPG,Kiwi Property,,http://www.kp.co.nz,,Q24189633,Auckland,-36.84917,174.76528
NZX,LIC,Livestock Improvement Corporation,,,,,,,
NZX,MCK,Millennium & Copthorne Hotels,hotel,https://www.millenniumhotels.com/,,Q6858774,London,51.50722,-0.1275
NZX,MCY,Mercury Energy,electricity generation,https://www.mercury.co.nz,,Q6818611,Auckland,-36.84917,174.76528
NZX,MEE,Me Today,,,,,,,
NZX,MEL,Meridian Energy,trade of electricity,https://www.meridianenergy.co.nz/,,Q6819305,Wellington,-41.28889,174.77722
NZX,MFB,My Food Bag,retail,http://www.myfoodbag.co.nz/,,Q23461804,Auckland,-36.84917,174.76528
NZX,MFT,Mainfreight,logistics,http://www.mainfreight.com/,,Q3278352,Auckland,-36.84917,174.76528
NZX,MHM,MHM Automation,,,,,,,
NZX,MLN,Marlin Global,,,,,,,
NZX,MMH,Marsden Maritime Holding,,,,,,,
NZX,MOA,Moa Group Limited,,,,,,,
NZX,MPG,Metro Performance Glass,,,,,,,
NZX,MWE,Marlborough Wine Estates Group,,,,,,,
NZX,NPF,New Zealand Property Trust,,,,,,,
NZX,NPH,Napier Port Holdings,,,,,,,
NZX,NTL,New Talisman Gold Mines,,,,,,,
NZX,NWF,NZ Windfarms,,,,Q7690963,,,
NZX,NZK,NZ King Salmon Investments,,https://www.kingsalmon.co.nz/,,Q111046687,,,
NZX,NZL,New Zealand Rural Land Company,,,,,,,
NZX,NZM,New Zealand Media and Entertainment,broadcasting,,,Q7759231,Auckland,-36.84917,174.76528
NZX,NZO,New Zealand Oil & Gas,,,,,,,
NZX,NZR,The New Zealand Refining Company,,,,,,,
NZX,NZX,NZX,,https://www.nzx.com,,Q627019,Wellington,-41.28889,174.77722
NZX,OCA,Oceania Healthcare,,,,,,,
NZX,PCT,Precinct Properties New Zealand,,,,,,,
NZX,PEB,Pacific Edge Limited,,http://www.pacificedgedx.com/,,Q22032132,Dunedin,-45.87417,170.50361
NZX,PFI,Property for Industry,,,,,,,
NZX,PGW,PGG Wrightson,,,,Q7119164,Christchurch,-43.53111,172.63611
NZX,PHL,Promisia Healthcare,,,,,,,
NZX,POT,Port of Tauranga,port,http://www.port-tauranga.co.nz/,,Q785661,,,
NZX,PPH,Pushpay Holdings,software as a service,https://pushpay.com,,Q22080936,Auckland,-36.84917,174.76528
NZX,PX1,Plexure Group,,,,,,,
NZX,PYS,PaySauce Limited,,,,,,,
NZX,QEX,QEX Logistics Limited,,,,,,,
NZX,RAD,Radius Residential Care,,,,,,,
NZX,RAK,Rakon,,http://www.rakon.com,,Q3418061,Auckland,-36.84917,174.76528
NZX,RBD,Restaurant Brands,gastronomy,http://www.restaurantbrands.co.nz,,Q3427904,Auckland,-36.84917,174.76528
NZX,RUA,RUA Bioscience,,,,,,,
NZX,RYM,Ryman Healthcare,,http://www.rymanhealthcare.co.nz/,529900UR74KKRFG56I57,Q7385191,Christchurch,-43.53111,172.63611
NZX,SAN,Sanford Limited,,,,,,,
NZX,SCL,Scales Corporation,,,,,,,
NZX,SCT,Scott Technology,,,,,,,
NZX,SCY,Smiths City,retail,https://smithscity.co.nz,,Q104865291,,,
NZX,SDL,Solution Dynamics,,,,,,,
NZX,SEK,Seeka Kiwifruit Industries,,,,,,,
NZX,SKC,SkyCity Entertainment Group,gambling,http://www.skycity.co.nz,,Q864194,Auckland,-36.84917,174.76528
NZX,SKL,Skellerup,industrial manufacturing,http://www.skellerup.co.nz/,,Q3486222,Christchurch,-43.53111,172.63611
NZX,SKO,Serko,,,,Q107723101,,,
NZX,SKT,Sky Network Television,subscription television,http://www.skytv.co.nz/,,Q3486427,Auckland,-36.84917,174.76528
NZX,SML,Synlait,dairy industry,https://www.synlait.com/,,Q7662490,Dunsandel,-43.66,172.195
NZX,SMW,SMW Group,,,,,,,
NZX,SNC,Southern Charter Financial Group,,,,,,,
NZX,SPG,Stride Property & Stride Investment Management,,https://www.strideproperty.co.nz/,,Q109608705,Auckland Central,-36.847,174.765
NZX,SPK,Spark New Zealand,telecommunications industry,https://www.spark.co.nz/,529900HUN51H3Y7QBB66,Q1549526,Auckland,-36.84917,174.76528
NZX,SPN,South Port New Zealand,,,,,,,
NZX,SPY,Smartpay Holdings,,,,,,,
NZX,STU,Steel & Tube,,http://www.steelandtube.co.nz/,,Q24998551,,,
NZX,SUM,Summerset Group,,http://www.summerset.co.nz/,,Q22909162,Wellington,-41.28889,174.77722
NZX,TAH,Third Age Health Services,,,,,,,
NZX,TCL,City of London Investment Trust,investment trust,,213800F3NOTF47H6AO55,Q5123773,London,51.50722,-0.1275
NZX,TEM,Templeton Emerging Markets Investment Trust,,,,Q7698825,,,
NZX,TGG,T&G Global,,,,,,,
NZX,THL,Tourism Holdings,tourism,http://www.thlonline.com/,549300V6QK7IM7HZ2F86,Q7829092,Auckland,-36.84917,174.76528
NZX,TLL,MOVe Logistics Group,,,,,,,
NZX,TLT,Tilt Renewables,energy industry,http://www.tiltrenewables.com/,,Q29025700,Melbourne,-37.81417,144.96306
NZX,TPW,Trustpower,energy industry,https://www.manawaenergy.co.nz/,,Q2456640,Tauranga,-37.68583,176.16667
NZX,TRA,Turners Automotive Group,,,,,,,
NZX,TRU,TruScreen Limited,,,,,,,
NZX,TWR,Tower Insurance,,http://www.tower.co.nz/,,Q17067545,Auckland,-36.84917,174.76528
NZX,VCT,Vector,energy industry,https://www.vector.co.nz/,,Q7917807,Auckland,-36.84917,174.76528
NZX,VGL,Vista Group International,film industry,http://www.vistagroup.co.nz/,,Q7936439,Auckland,-36.84917,174.76528
NZX,VHP,Vital Healthcare Property Trust,,,,,,,
NZX,VTL,Vital Limited,,,,,,,
NZX,WCO,WasteCo,,,,,,,
NZX,WDT,Wellington Drive Technologies,,,,Q7981385,,,
NZX,WHS,The Warehouse Group,retail,https://thewarehousegroup.co.nz/,,Q3566291,Auckland,-36.84917,174.76528
NZX,WIN,Winton Land,,,,,,,
NZX,ZEL,Z Energy,petroleum industry,https://z.co.nz/,,Q8063337,Wellington,-41.28889,174.77722
