ticker,name,sector,lei
ASLI,Abrdn European Logistics Income plc,,213800I9IYIKKNRT3G50
API,Abrdn Property Income Trust Limited,,549300HHFBWZRKC7RW84
AC8,Acceler8 Ventures plc,,2138004B1HKZP1OR2C72
AFP,African Pioneer plc,,213800QQF8O18CMJPW43
ALK,Alkemy Capital Investments plc,,213800NW5GVIRMXSRL48
AWE,Alphawave IP Group plc,,213800ZXTO21EU4VMH37
AIRE,Alternative Income REIT plc,,213800MPBIJS12Q88F71
TERA,Altona Rare Earths plc,,2138002A5GU9BFS2I491
ALTN,Altyngold plc,,213800MELPBPHIR1PO04
DISH,Amala Foods plc,,213800XAECC5GN8ZOU38
AMIF,Amicorp FS (UK) plc,,21380028AUYWGMYXQA57
AMGO,Amigo Holdings plc,,213800PUHEBLCWDW9T74
AEX,Aminex PLC,,635400CSEBJAYPUUFC95
APTD,Aptitude Software Group plc,,2138009VHA1WI2VKMA28
ASAI,Asa International Group plc,,213800NSIUMXPDHUEO94
ASPL,Aseana Properties Limited,,2138006H7PF4CNUEVT05
AT,Ashtead Technology Holdings plc,,213800LHEWVY66RPGR58
ASC,Asos plc,,213800H8DBB8JSKDW630
ASBE,Associated British Engineering plc,,213800MYKAWRRE9C9U05
AVAP,Avation plc,,213800KA972GUP1B6I78
BAY,Bay Capital plc,,213800F59868OZQU6E56
BISI,Bisichi plc,,213800RRWN6ZBPW2ZV03
BMV,Bluebird Mining Ventures Ltd,,213800QLGKFZHML52C51
BIH,Boston International Holdings plc,,213800OVVYT6ZUJUXD69
BMS,Braemar plc,,213800EV6IKTTHJ83C19
BRK,Brooks Macdonald Group plc,,213800WRDF8LB8MIEX37
CCR,C & C Group Public Limited Company,,635400LNUHA2LDXXV850
CABA,CAB Payments Holdings PLC,,8945007OZHZDN4LW1G21
CAD,Cadogan Energy Solutions plc,,213800JIBKL29FAK1213
CFYN,Caffyns Public Limited Company,,213800ZKS5B1M3YXVV76
CRN,Cairn Homes Public Limited Company,,635400DPX6WP2KKDOA83
CAN,Canal+,,9695000537F9F73BXN18
CPI,Capita plc,,CMIGEWPLHL4M7ZV0IZ88
CNE,Capricorn Energy plc,,213800ZJEUQ8ZOC9AL24
CAR,Carclo plc,,21380078MEM399JPI956
CARD,Card Factory plc,,213800TTSOPFVCKPFQ11
CDFF,Cardiff Property Public Limited Company(The),,213800GE3FA4C52C1N05
CGS,Castings Public Limited Company,,2138004LKVACAUE94W70
CINH,Cindrigo Holdings Limited,,213800T424TYEZ5PLE75
CLIG,City Of London Investment Group plc,,549300BV85TFYXK2Y635
CDL,Cloudbreak Discovery plc,,213800ZLZVEPOS7YID88
CLI,Cls Holdings plc,,213800A357TKB2TD9U78
CGO,Contango Holdings plc,,213800HZ69B3QHCUGX36
COR,Corpus Resources plc,,213800NFARY38KGRAH47
CRST,Crest Nicholson Holdings plc,,213800ROIFXRRRKVQD25
CRTM,Critical Metals plc,,213800MU3B7CS88PY290
CMRS,Critical Mineral Resources Plc,,8945007F59CSJFZGR252
CREI,Custodian Property Income REIT plc,,2138001BOD1J5XK1CX76
DAR,Dar Global plc,,213800XRFXQ1KEWACW80
DVT,Davictus plc,,213800G2DW1Z2HQV6C85
DFS,Dfs Furniture plc,,213800GDSOBNKS1U1P93
DIA,Dialight plc,,2138001AD31KKD29Z495
DPA,Dp Aircraft I Limited,,213800IJ1Q9HI499AE41
EST,East Star Resources plc,,2138001Y6SMQC8DX2B40
ELIX,Elixirr International plc,,213800MKY7OHMVAKW681
ENQ,Enquest plc,,2138008LJU6WFQWOXJ73
ECEL,Eurocell plc,,213800RH62IQ7S9OFQ55
EVST,Everest Global plc,,213800VWEF19LQCNB917
EVOK,Evoke plc,,213800H84UJQYSVF9750
FIL,Fairview International plc,,98450074P7666D400758
FDM,Fdm Group (Holdings) plc,,213800YR62D7GUZLMZ71
FXPO,Ferrexpo plc,,213800CEDKSNUTPAQZ41
FAR,Ferro-Alloy Resources Limited,,2138003T5CF6U9W7Z780
FVA,Fevara plc,,213800HTIKPQV98RA653
FCM,First Class Metals plc,,894500V981ZTFLGVOZ38
1SN,First Tin plc,,984500CSA7TBE3FB7C63
FORT,Forterra plc,,213800O5DD6ATBVJAD23
FOXT,Foxtons Group plc,,5493001HCMG6R1MYKC59
FSTA,Fuller Smith & Turner plc,,213800C7ACOFMRCQQW76
FUTR,Future plc,,213800K2581YRLEXV353
GENL,Genel Energy plc,,549300IVCJDWC3LR8F94
GENF,Genflow Biosciences plc,,213800HVOFXRXVEGDN62
GEX,Georgina Energy plc,,2138008HMWNFOBOHGW65
GLB,Glanbia plc,,635400SRMCBHVMSKJS84
GLV,Glenveagh Properties Public Limited Company,,635400QUQ2YYGMOAK834
GCG,Golden Rock Global plc,,213800LQDN7P5PV83Q46
GVMH,Grand Vision Media Holdings plc,,213800Q5L7DJW9MNP897
GSCU,Great Southern Copper plc,,213800RF6N9WA8PZH313
GST,Gstechnologies Ltd,,213800NWJ4UQG2R3X823
GMS,Gulf Marine Services plc,,213800IGS2QE89SAJF77
HEAD,Headlam Group plc,,213800I4AZZUJEYX9O90
HLCL,Helical plc,,2138003SBD2Z7WV2MP70
HEMO,Hemogenyx Pharmaceuticals plc,,2138008L93GYU5GN6179
BOOT,Henry Boot plc,,213800H5873O9TC3XT22
HOME,Home REIT plc,,213800A53AOVH3FCGG44
HSW,Hostelworld Group plc,,213800OC94PF2D675H41
IBST,Ibstock plc,,2138003QHTNX34CN9V93
ICFG,Icfg Limited,,213800C7BC4EZQAEBT76
ICON,Iconic Labs plc,,213800YCXZV6RSHGGT04
IFRX,Iforex Financial Trading Holdings Ltd.,,213800DHYQM8426F7F96
INDV,Indivior plc,,213800V3NCQTY7IED471
IDHC,Integrated Diagnostics Holdings plc,,2138007JN9NUWKKTS790
SMJ,J Smart & Co (Contractors) P L C,,213800FQZ9V3LKCRFL13
FSJ,James Fisher And Sons Public Limited Company,,213800J975E5OYR6S216
JEL,Jersey Electricity plc,,213800JPIP5BZKFOHK40
WG,John Wood Group plc,,549300PLYY6I10B6S323
KAV,Kavango Resources plc,,2138007PZJFATXWUTS29
KEN,Kendrick Resources plc,,213800U66STYS4VQZH68
KMR,Kenmare Resources Public Limited Company,,635400ETHWP1EKJMDO16
KYGA,Kerry Group Public Limited Company,,635400TLVVBNXLFHWC59
LIO,Liontrust Asset Management plc,,549300XVXU6S7PLCL855
BTC,London BTC Company Limited,,9845006607892CED8456
LSL,Lsl Property Services plc,,213800T4VM5VR3C7S706
LUCE,Luceco plc,,213800BBFZK4W4P98U76
MACF,Macfarlane Group plc,,213800LVRYDERSJAAZ73
MSLH,Marshalls plc,,213800S21IFC367J5V62
MARS,Marston's plc,,213800Q6RP3ZJ2CZR962
MCB,Mcbride plc,,213800HX7FMPA2CIEF02
MER,Mears Group plc,,213800DHCALLH8IRJV57
TAR,Medcaw Investments plc,,213800UTM4MRTZHJ8C21
GLE,Mj Gleeson plc,,21380064K7N2W7FD6434
MCG,Mobico Group plc,,213800A8IQEMY8PA5X34
MOTR,Motorpoint Group plc,,213800WG8RSE45I3MF22
MTVW,Mountview Estates plc,,213800CWH9IB4DTEYG96
NEO,Neo Energy Metals plc,,213800WE14587VRQ5Y10
NRR,Newriver REIT plc,,2138004GX1VAUMH66L31
NXR,Norcros plc,,213800EIMJZZA1GBIE18
NOG,Nostrum Oil & Gas plc,,2138007VWEP4MM3J8B29
OTB,On The Beach Group plc,,213800K51Y9BZY7F9R69
ORNT,Orient Telecoms plc,,213800JSIBTMDYPPKQ68
PALM,Panther Metals plc,,213800FE99O4CN3DJU27
PAY,Paypoint plc,,5493004YKWI8U0GDD138
PPP,Pennpetro Energy plc,,213800BNN7UN97NVP509
PBEE,Pensionbee Group plc,,2138008663P5FHPGZV74
PTSB,Permanent Tsb Group Holdings Public Limited Company,,635400DTNHVYGZODKQ93
PGH,Personal Group Holdings plc,,213800TN8BH2YYWAH345
PHLL,Petershill Partners plc,,213800HTCF8A7XM22A32
PHAR,Pharos Energy plc,,549300DDKLXYLLO4N524
PNPL,Pineapple Power Corporation plc,,213800BTD7JL99MTGQ68
PINE,Pinewood Technologies Group plc,,213800VRSPZFOGMMIS18
PODP,Pod Point Group Holdings plc,,213800MY9U5MEDG21D89
PRV,Porvair plc,,213800ECKHS8LAQO3C45
PRD,Predator Oil & Gas Holdings plc,,213800L7QXFURBFLDS54
PROC,Procook Group plc,,213800RWZMK3ARHMUN52
PRTC,Puretech Health plc,,213800LVPDNO2Z9T9I39
PZC,Pz Cussons plc,,XB3CXKKKED7OMV80FY35
QDE,Quantum Data Energy plc,,213800HFVHGJ9YGO9F71
RE,R.E.A. Holdings plc,,213800YXL94R94RYG150
MODE,R8 Capital Investments plc,,2138001BLO7EORII7E91
RBW,Rainbow Rare Earths Limited,,213800HONYSAXTG6KS11
RCGH,Rc365 Holding Limited,,213800LQJTQSFR2XY322
RCH,Reach plc,,213800GNI5XF3XOATR61
REC,Record plc,,5493000VJ55ZTYGX4322
VZLA,Red Capital plc,,213800O4A398G6GL7270
RGL,Regional REIT Limited,,549300D8G4NKLRIKBX73
RESI,Residential Secure Income plc,,213800D24WA531LAR763
RM,Rm plc,,2138005RKUCIEKLXWM61
RWA,Robert Walters plc,,213800LIE15BDEN3VW43
COIL,Roquefort Therapeutics PLC,,254900P4SISIWOR9RH34
0QKU,Royal Bank of Canada,,ES7IP3U3RHIGC71XBU11
SUS,S & U plc,,213800QZ1X2A7J64SQ31
SFOR,S4 Capital plc,,21380068SP9V65KPQN68
SBRE,Sabre Insurance Group plc,,2138006RXRQ8P8VKGV98
SERE,Schroder European Real Estate Investment Trust plc,,549300BHT1Z8NI4RLD52
SREI,Schroder Real Estate Investment Trust Limited,,549300ZIJJTMTIIQJP67
STB,Secure Trust Bank Public Limited Company,,213800CXIBLC2TMIGI76
SCSP,Seed Capital Solutions plc,,213800NRFXJG9H18LA29
SEPL,Seplat Energy plc,,029200711C4S4CB2E982
SFR,Severfield plc,,21380025AWPR781CY104
SHI,Sig plc,,213800VDC1BKJEZ8PV53
SNWS,Smiths News plc,,2138004O33ONVOOQXB02
LIVE,Social Housing REIT plc,,213800BERVBS2HFTBC58
SVNS,Solvonis Therapeutics plc,,2138005PH7OJRCRPUD88
SDY,Speedy Hire plc,,213800U78SIYAZDYXM61
SRAD,Stelrad Group plc,,2138006LKVGN16PTVA73
STEM,Sthree plc,,2138003NEBX5VRP3EX50
STVG,Stv Group plc,,21380075GOOTTBDNDJ58
SYME,Supply@Me Capital plc,,213800ZY2C2TI2C5WQ61
SYNT,Synthomer plc,,213800EHT3TI1KPQQJ56
TMIP,Taylor Maritime Limited,,213800FELXGYTYJBBG50
THS,Tharisa plc,,213800WW4YWMVVZIJM90
TBTG,The Beauty Tech Group plc,,9845005838FE7756E729
GYM,The Gym Group plc,,213800VCU9TBANZIN455
SWC,The Smarter Web Company plc,,213800VQO9FUG4PZMP73
TGA,Thungela Resources,,213800EGYK3BN3SRIF27
TPT,Topps Tiles plc,,2138009NA4K1NTLN7Q97
TGR,Total Graphite plc,,2138006PQV9F72H17783
TTE,TotalEnergies SE,,529900S21EQ1BO4ESM68
TOWN,Town Centre Securities plc,,213800XRCH9RW2RIZD79
TRD,Triad Group plc,,213800MDNBFVEQEN1G84
TRI,Trifast plc,,213800WFIVE6RWK3CR22
TTG,Tt Electronics plc,,213800TJGBW5VFHQEV54
TLW,Tullow Oil plc,,2138003EYHWO75RKS857
ULTP,Ultimate Products plc,,213800Q5GWTVIW6KJW33
UPL,Upland Resources Limited,,213800MRG7ISJEK8YA38
VIP,Value And Indexed Property Income Trust plc,,213800CU1PIC7GAER820
VANQ,Vanquis Banking Group plc,,213800U93SZC44VXN635
VID,Videndum plc,,2138007H5DQ4X8YOCF14
WCW,Walker Crips Group plc,,213800T71F7VD5ANZI55
WIL,Wilmington plc,,213800PFUQT4HHFYZJ63
CHSS,World Chess plc,,213800BKR3RT23F9DN71
XAR,Xaar plc,,213800MXEC3KAOBBPO57
YNGN,Young & Co's Brewery plc,,213800JMZDORXCMKFW06
ZTF,Zotefoams plc,,213800B6P256B5XN8D32
