zip,city,state,latitude,longitude
A0A,Southeastern Avalon Peninsula,NL,47.21950,-53.14480
A0B,Western,NL,47.32700,-53.66090
A0C,Bonavista Peninsula,NL,48.38430,-53.90810
A0E,Burin Peninsula,NL,47.56070,-54.78010
A0G,Northeast Newfoundland,NL,48.86570,-54.72960
A0H,Central Newfoundland,NL,48.43110,-56.17580
A0J,Northern Newfoundland,NL,49.50670,-56.26160
A0K,Northwest Newfoundland/Eastern Labrador,NL,52.73590,-57.98250
A0L,Western,NL,48.94450,-58.06450
A0M,Southwestern Newfoundland,NL,47.80370,-58.38690
A0N,Port au Port Peninsula region,NL,48.08680,-57.82310
A0P,Central Labrador,NL,54.95490,-61.60240
A0R,North/Western Labrador,NL,53.54000,-65.11200
A1A,St. John's,NL,47.59860,-52.69260
A1B,St. John's,NL,47.56980,-52.77960
A1C,St. John's,NL,47.51240,-52.67290
A1E,St. John's,NL,47.53340,-52.75950
A1G,St. John's,NL,47.50600,-52.76030
A1H,St. John's,NL,47.48300,-52.84150
A1K,Torbay,NL,47.66660,-52.73130
A1L,Paradise,NL,47.52910,-52.88140
A1M,Portugal Cove-St. Philips,NL,47.62070,-52.83180
A1N,Mount Pearl,NL,47.51940,-52.81220
A1S,Goulds,NL,47.42120,-52.80770
A1V,Gander,NL,48.96820,-54.59060
A1W,Manuels,NL,47.50960,-52.94470
A1X,Conception Bay,NL,47.49990,-52.99810
A1Y,Carbonear,NL,47.71130,-53.29530
A2A,Grand Falls,NL,48.93320,-55.66490
A2B,Windsor,NL,48.94990,-55.66490
A2H,Corner Brook,NL,48.91560,-57.79700
A2N,Stephenville,NL,48.55000,-58.58180
A2V,Labrador City,NL,52.95170,-66.93280
A5A,Clarenville,NL,48.16660,-53.96480
A8A,Deer Lake,NL,49.16670,-57.43160
B0C,North Victoria County,NS,46.64820,-60.53960
B0E,West Cape Breton Island,NS,46.11330,-61.02510
B0H,Canso region,NS,45.33350,-61.83330
B0J,Mainland east shore,NS,44.94190,-62.64710
B0K,Southern Northumberland Strait,NS,45.61380,-62.95060
B0L,Isthmus of Chignecto,NS,45.69080,-64.36410
B0M,Cobequid Bay north shore,NS,45.53540,-64.03930
B0N,Hants County,NS,45.09630,-63.47010
B0P,Kings County,NS,45.03280,-64.65660
B0R,West Lunenburg County,NS,44.60030,-64.74430
B0S,West Annapolis County,NS,44.68610,-65.30020
B0T,Queens County,NS,44.08020,-65.11750
B0V,Digby Neck,NS,44.53420,-65.77830
B0W,Southwest Mainland,NS,44.04860,-65.75470
B1A,Glace Bay,NS,46.19700,-59.95700
B1B,Port Morien,NS,46.11740,-59.91440
B1C,Louisbourg,NS,45.94850,-59.97370
B1E,Reserve Mines,NS,46.18450,-60.01660
B1G,Dominion,NS,46.21680,-60.01510
B1H,New Waterford,NS,46.25010,-60.08170
B1J,East Bay,NS,45.98340,-60.36520
B1K,Marion Bridge,NS,45.96680,-60.23180
B1L,Sydney,NS,46.06270,-60.20450
B1M,Sydney,NS,46.12700,-60.06960
B1N,Sydney,NS,46.19750,-60.15590
B1P,Sydney,NS,46.13410,-60.17490
B1R,Sydney,NS,46.12840,-60.29150
B1S,Sydney,NS,46.11090,-60.20920
B1T,Christmas Island,NS,45.96680,-60.71520
B1V,North Sydney North,NS,46.24370,-60.23130
B1W,Eskasoni,NS,45.93280,-60.64380
B1X,Big Bras d'Or,NS,46.29040,-60.47000
B1Y,Alder Point,NS,46.25380,-60.35660
B2A,North Sydney South Central,NS,46.11690,-60.37690
B2C,Iona,NS,45.99480,-60.84210
B2E,Loch Lomond,NS,45.75010,-60.61520
B2G,Antigonish,NS,45.61680,-61.99860
B2H,New Glasgow,NS,45.58340,-62.64860
B2J,Fourchu,NS,45.70700,-60.46650
B2N,Truro,NS,45.36680,-63.26540
B2R,Waverley,NS,44.75990,-63.55250
B2S,Lantz,NS,45.02090,-63.53440
B2T,Enfield,NS,44.87490,-63.46890
B2V,Dartmouth,NS,44.65290,-63.47770
B2W,Dartmouth,NS,44.67520,-63.50770
B2X,Dartmouth,NS,44.70200,-63.53300
B2Y,Dartmouth,NS,44.66450,-63.54530
B2Z,Dartmouth,NS,44.72270,-63.42230
B3A,Dartmouth,NS,44.68190,-63.57680
B3B,Dartmouth,NS,44.70910,-63.58690
B3E,Porters Lake,NS,44.77220,-63.33610
B3G,Eastern Passage,NS,44.61690,-63.48200
B3H,Halifax,NS,44.63440,-63.58220
B3J,Halifax,NS,44.64510,-63.57620
B3K,Halifax,NS,44.66200,-63.60170
B3L,Halifax,NS,44.65080,-63.61460
B3M,Halifax,NS,44.67840,-63.65820
B3N,Halifax,NS,44.63100,-63.64050
B3P,Halifax,NS,44.61390,-63.59460
B3R,Halifax,NS,44.59390,-63.60310
B3S,Halifax,NS,44.65330,-63.66750
B3T,Lakeside,NS,44.56830,-63.73060
B3V,Harrietsfield,NS,44.51990,-63.60640
B3Z,Tantallon,NS,44.63860,-63.86870
B4A,Bedford,NS,44.72320,-63.65600
B4B,Bedford,NS,44.75090,-63.77110
B4C,Lower Sackville,NS,44.76070,-63.63700
B4E,Lower Sackville,NS,44.81630,-63.73870
B4G,Lower Sackville,NS,44.88140,-63.67980
B4H,Amherst,NS,45.83350,-64.19870
B4N,Kentville,NS,45.08340,-64.49880
B4P,Wolfville,NS,45.08340,-64.36550
B4R,Coldbrook,NS,45.06680,-64.58210
B4V,Bridgewater,NS,44.38350,-64.51550
B5A,Yarmouth,NS,43.83350,-66.11560
B6L,Truro,NS,45.40930,-63.21140
B9A,Port Hawkesbury,NS,45.61680,-61.34850
C0A,Montague,PE,46.16680,-62.64870
C0B,Prince County,PE,46.60230,-63.95830
C1A,Charlottetown,PE,46.27160,-63.01650
C1B,Stratford,PE,46.21790,-63.07950
C1C,Charlottetown,PE,46.26450,-63.08420
C1E,Charlottetown,PE,46.34510,-63.20110
C1N,Summerside,PE,46.39590,-63.78760
E1A,Dieppe Moncton East,NB,46.09670,-64.70870
E1B,Riverview,NB,46.05450,-64.81600
E1C,Moncton,NB,46.09870,-64.80360
E1E,Moncton,NB,46.07710,-64.85290
E1G,Moncton,NB,46.17970,-64.94840
E1H,"Lakeville, Shediac Bridge",NB,46.17320,-64.69570
E1J,Coverdale,NB,45.99760,-64.84830
E1N,Miramichi,NB,46.95010,-65.32390
E1V,Miramichi,NB,47.19420,-65.93810
E1W,Caraquet,NB,47.79410,-64.93860
E1X,Tracadie-Sheila,NB,47.51440,-64.91810
E2A,Bathurst,NB,47.61810,-65.65110
E2E,"Rothesay, Quispamsis",NB,45.41370,-65.98200
E2G,Quispamsis,NB,45.45340,-65.93100
E2H,Saint John,NB,45.35000,-66.01010
E2J,Saint John,NB,45.25630,-65.94320
E2K,Saint John,NB,45.30530,-66.08080
E2L,Saint John,NB,45.27170,-66.05840
E2M,Saint John,NB,45.23470,-66.17490
E2N,Saint John,NB,45.31760,-65.92710
E2P,Saint John,NB,45.24260,-65.98470
E2R,Saint John,NB,46.03680,-66.03730
E2S,Saint John,NB,45.33710,-65.81330
E2V,Oromocto,NB,45.83510,-66.47920
E3A,Fredericton,NB,46.04010,-66.38620
E3B,Fredericton,NB,45.81190,-66.67630
E3C,Fredericton,NB,45.90200,-66.70570
E3E,Kingsclear,NB,45.88340,-66.91560
E3G,Fredericton,NB,46.05460,-66.73440
E3L,St. Stephen,NB,45.18040,-67.29530
E3N,Campbellton,NB,48.00750,-66.67270
E3V,Edmundston,NB,47.37370,-68.32510
E3Y,Grand Falls,NB,47.16830,-67.62070
E3Z,Grand Falls,NB,46.92660,-67.74660
E4A,Bathurst,NB,46.15990,-65.81020
E4B,Minto,NB,46.08480,-66.06220
E4C,Youngs Cove,NB,45.86930,-65.90060
E4E,Sussex,NB,45.72270,-65.50660
E4G,Smiths Creek,NB,45.85520,-65.47950
E4H,Hillsborough,NB,45.91990,-64.65520
E4J,Salisbury,NB,46.03910,-65.04630
E4K,Dorchester,NB,45.90160,-64.50800
E4L,Sackville,NB,45.91880,-64.38450
E4M,Bayfield,NB,46.09190,-64.01730
E4N,Cap-Pelé,NB,46.21290,-64.27840
E4P,Shediac,NB,46.21980,-64.54110
E4R,Cocagne,NB,46.33240,-64.61870
E4S,Bouctouche,NB,46.46840,-64.73900
E4T,Bass River,NB,46.30420,-64.97200
E4V,Saint-Antoine,NB,46.36290,-64.74990
E4W,Richibucto,NB,46.68070,-64.88040
E4X,St-Louis-de-Kent,NB,46.74010,-64.96980
E4Y,Rogersville,NB,46.73450,-65.42700
E4Z,Petitcodiac,NB,45.93940,-65.18020
E5A,Moores Mills,NB,45.37050,-67.17370
E5B,St. Andrews,NB,45.08450,-67.06170
E5C,St. George,NB,45.12650,-66.83140
E5E,Campobello Island,NB,44.89080,-66.93180
E5G,Grand,NB,44.69760,-66.80650
E5H,Pennfield,NB,45.11680,-66.68220
E5J,Lepreau,NB,45.19790,-66.43080
E5K,Grand,NB,45.34070,-66.25280
E5L,Fredericton Junction,NB,45.66040,-66.61390
E5M,Gagetown,NB,45.77010,-66.16170
E5N,Hampton,NB,45.52880,-65.85350
E5P,Apohaqui,NB,45.75990,-65.67040
E5R,St. Martins,NB,45.35100,-65.54570
E5S,Kingston,NB,45.40980,-66.09320
E5T,Norton,NB,45.65080,-65.73020
E5V,Deer Island,NB,44.98620,-66.96940
E6A,Boiestown,NB,46.45580,-66.41980
E6B,Stanley,NB,46.33810,-66.90580
E6C,Durham Bridge,NB,46.11680,-66.59890
E6E,Millville,NB,46.13070,-67.19620
E6G,Nackawic,NB,45.99670,-67.24030
E6H,Canterbury,NB,45.89540,-67.46780
E6J,McAdam,NB,45.59230,-67.30700
E6K,Harvey,NB,45.72900,-67.00640
E6L,Burtts Corner,NB,45.98810,-67.03380
E7A,Baker Brook,NB,47.30000,-68.74870
E7B,Saint-Jacques,NB,47.56550,-68.31270
E7C,Saint-Basile,NB,47.65830,-68.06840
E7E,Saint-Leonard,NB,47.17300,-67.92470
E7G,Plaster Rock,NB,46.90650,-67.39000
E7H,Perth-Andover,NB,46.73550,-67.70390
E7J,Bath,NB,46.58070,-67.59110
E7K,Centreville,NB,46.39820,-67.71740
E7L,Florenceville,NB,46.55280,-67.30500
E7M,Woodstock,NB,46.15800,-67.58380
E7N,Debec,NB,46.05550,-67.58390
E7P,Hartland,NB,46.29990,-67.51670
E8A,Saint-Quentin,NB,47.51330,-67.39290
E8B,Kedgwick,NB,47.64460,-67.34340
E8C,Dalhousie,NB,48.05500,-66.38470
E8E,Balmoral,NB,47.67900,-66.43420
E8G,Belledune,NB,47.80230,-66.12430
E8J,Petit-Rocher,NB,47.79410,-65.82190
E8K,Beresford,NB,47.69130,-65.69890
E8L,Allardville,NB,47.47500,-65.49500
E8M,Saint-Isidore,NB,47.57650,-65.13790
E8N,Grande-Anse,NB,47.80780,-65.19450
E8P,Inkerman,NB,47.66720,-64.82480
E8R,Paquetville,NB,47.63830,-65.17090
E8S,Shippagan,NB,47.72870,-64.72470
E8T,Lamèque,NB,47.79360,-64.64750
E9A,Baie-Sainte-Anne,NB,47.01880,-64.92000
E9B,Blackville,NB,46.73980,-65.83190
E9C,Doaktown,NB,46.55700,-66.12570
E9E,Red Bank,NB,46.84860,-65.67720
E9G,Neguac,NB,47.24890,-65.07410
E9H,Brantville,NB,47.35280,-65.05380
G0A,Capitale-Nationale,QC,47.35070,-71.20200
G0B,Cap-aux-Meules,QC,47.45010,-72.99130
G0C,Gaspésie-Sud,QC,48.34290,-65.59610
G0E,Gaspésie-Nord,QC,48.91820,-65.37360
G0G,Côte-Nord,QC,53.04130,-68.68840
G0H,Manicouagan,QC,49.37950,-67.89480
G0J,Gaspésie-Ouest,QC,48.52460,-67.05650
G0K,Bas-St-Laurent-Est,QC,48.15900,-68.19510
G0L,Bas-St-Laurent-Ouest,QC,47.71360,-69.16580
G0M,Région de,QC,45.97180,-70.65650
G0N,Chaudière-Sud,QC,46.09880,-71.12480
G0P,Centre-du-Québec,QC,46.01190,-71.71990
G0R,Appalaches,QC,46.79800,-70.32880
G0S,Chaudière-Nord,QC,46.45260,-71.43970
G0T,Le Fjord,QC,49.01430,-69.62310
G0V,Saguenay-Lac-St-Jean,QC,50.17190,-70.62830
G0W,Région de,QC,49.83400,-72.26230
G0X,Mauricie,QC,47.91680,-74.61590
G0Y,L'Erable,QC,45.62420,-71.01910
G0Z,Centre-du-Québec,QC,46.17900,-72.15690
G1A,Capitale-Nationale,QC,46.85880,-71.19200
G1B,Beauport,QC,46.92630,-71.22580
G1C,Beauport,QC,46.88010,-71.19600
G1E,Beauport,QC,46.85880,-71.19200
G1G,Jean-Talon Southeast,QC,46.87650,-71.28390
G1H,Charlesbourg South,QC,46.85280,-71.25730
G1J,Capitale-Nationale,QC,46.83800,-71.22320
G1K,Capitale-Nationale,QC,46.81400,-71.21940
G1L,Capitale-Nationale,QC,46.83040,-71.24550
G1M,Capitale-Nationale,QC,46.81830,-71.27060
G1N,Capitale-Nationale,QC,46.80350,-71.26390
G1P,Capitale-Nationale,QC,46.80970,-71.31020
G1R,Capitale-Nationale,QC,46.80740,-71.21810
G1S,Capitale-Nationale,QC,46.79330,-71.24530
G1T,Capitale-Nationale,QC,46.77410,-71.26090
G1V,Sainte-Foy,QC,46.78230,-71.28820
G1W,Sainte-Foy,QC,46.75890,-71.29800
G1X,Sainte-Foy,QC,46.77490,-71.33440
G1Y,Cap-Rouge,QC,46.75070,-71.35620
G2A,Loretteville,QC,46.87510,-71.39200
G2B,Loretteville,QC,46.85050,-71.33570
G2C,Capitale-Nationale,QC,46.82870,-71.33400
G2E,Capitale-Nationale,QC,46.80830,-71.36050
G2G,L'Ancienne-Lorette Southwest,QC,46.79030,-71.41570
G2J,Capitale-Nationale,QC,46.83990,-71.27810
G2K,Capitale-Nationale,QC,46.85450,-71.30440
G2L,Charlesbourg North,QC,46.88950,-71.25450
G2M,Jean-Talon,QC,46.92200,-71.30560
G2N,Jean-Talon,QC,46.91370,-71.33980
G3A,St-Augustin-De-Desmaures,QC,46.74060,-71.45130
G3B,Capitale-Nationale,QC,46.98330,-71.29060
G3C,Capitale-Nationale,QC,47.16910,-71.43320
G3E,Saint-Émile,QC,46.87790,-71.34080
G3G,Lac-Saint-Charles,QC,46.92420,-71.39580
G3H,Capitale-Nationale,QC,46.75470,-71.69570
G3J,Val-Bélair,QC,46.86030,-71.47520
G3K,Val-Bélair,QC,46.83150,-71.44290
G3L,Saint-Raymond,QC,47.23740,-71.87630
G3M,Capitale-Nationale,QC,46.68040,-71.72390
G3N,Capitale-Nationale,QC,46.85240,-71.62060
G3S,Capitale-Nationale,QC,46.88030,-71.51460
G3Z,Capitale-Nationale,QC,47.44110,-70.49860
G4A,Capitale-Nationale,QC,47.71840,-70.22760
G4R,Sept-Îles Southeast,QC,50.85580,-67.05110
G4S,Côte-Nord,QC,50.27130,-66.37510
G4T,Les Îles-De-La-Madeleine,QC,47.39990,-61.79960
G4V,Sainte-Anne-Des-Monts,QC,48.97110,-66.30820
G4W,Bas-Saint-Laurent,QC,48.82860,-67.52200
G4X,Gaspésie-Îles-de-la-Madeleine,QC,48.83340,-64.48190
G4Z,Baie-Comeau Northeast,QC,51.08720,-68.63200
G5A,Capitale-Nationale,QC,47.65750,-70.15590
G5B,Côte-Nord,QC,50.03340,-66.86550
G5C,Baie-Comeau Southwest,QC,50.34740,-69.04110
G5H,Bas-Saint-Laurent,QC,48.58390,-68.19210
G5J,Bas-Saint-Laurent,QC,48.46380,-67.43130
G5L,Bas-Saint-Laurent,QC,48.41600,-68.59790
G5M,Bas-Saint-Laurent,QC,48.49660,-68.45800
G5N,Bas-Saint-Laurent,QC,48.36680,-68.46590
G5R,Bas-Saint-Laurent,QC,47.83040,-69.53420
G5T,Degelis,QC,47.54730,-68.64310
G5V,Chaudière-Appalaches,QC,46.98040,-70.55490
G5X,Chaudière-Appalaches,QC,46.21790,-70.77870
G5Y,Chaudière-Appalaches,QC,46.13260,-70.63750
G5Z,Chaudière-Appalaches,QC,46.06420,-70.71180
G6A,Chaudière-Appalaches,QC,46.14370,-70.68170
G6B,Lac-Megantic,QC,45.58340,-70.88230
G6C,Pintendre,QC,46.77010,-71.09060
G6E,Chaudière-Appalaches,QC,46.43400,-71.01170
G6G,Chaudière-Appalaches,QC,46.09370,-71.30540
G6H,Black Lake,QC,46.07000,-71.43930
G6J,Saint-Etienne-De-Lauzon,QC,46.63580,-71.30980
G6K,Saint-Redempteur,QC,46.68800,-71.30280
G6L,Centre-du-Québec,QC,46.21860,-71.76200
G6P,Centre-du-Québec,QC,46.05290,-71.94770
G6R,Victoriaville,QC,46.01600,-71.95610
G6S,Victoriaville,QC,46.02640,-71.87190
G6T,Centre-du-Québec,QC,46.08280,-71.97280
G6V,Chaudière-Appalaches,QC,46.80330,-71.17790
G6W,Chaudière-Appalaches,QC,46.75460,-71.22000
G6X,Charny,QC,46.71510,-71.26120
G6Y,Chaudière-Appalaches,QC,46.80330,-71.17790
G6Z,Saint-Jean-Chrysostome,QC,46.69010,-71.18490
G7A,Saint-Nicolas,QC,46.68420,-71.38270
G7B,La Baie,QC,48.33980,-70.88930
G7G,Chicoutimi,QC,48.44500,-71.10250
G7H,Chicoutimi,QC,48.41870,-71.04170
G7J,Chicoutimi,QC,48.41750,-71.10310
G7K,Chicoutimi,QC,48.36890,-71.11750
G7N,Laterrière,QC,48.20070,-71.14260
G7P,Saguenay/Lac-Saint-Jean,QC,48.55010,-71.31580
G7S,Jonquière,QC,48.42940,-71.17740
G7T,Jonquière,QC,48.39750,-71.15270
G7X,Jonquière,QC,48.31990,-71.41490
G7Y,Jonquière,QC,48.37010,-71.23580
G7Z,Jonquière,QC,48.43810,-71.26420
G8A,Jonquière West,QC,48.42330,-71.36290
G8B,Saguenay/Lac-Saint-Jean,QC,48.55480,-71.67300
G8C,Saguenay/Lac-Saint-Jean,QC,48.52780,-71.63640
G8E,Saguenay/Lac-Saint-Jean,QC,48.63770,-71.69570
G8G,Métabetchouan-Lac-a-la-Croix,QC,47.80760,-71.59070
G8H,Saguenay/Lac-Saint-Jean,QC,48.51680,-72.23240
G8J,Saguenay/Lac-Saint-Jean,QC,48.58340,-72.33240
G8K,Saguenay/Lac-Saint-Jean,QC,48.65010,-72.44910
G8L,Saguenay/Lac-Saint-Jean,QC,48.87630,-72.21200
G8M,Saguenay/Lac-Saint-Jean,QC,48.88320,-72.44870
G8N,Saguenay/Lac-Saint-Jean,QC,48.34730,-71.67860
G8P,Nord-du-Québec,QC,49.91680,-74.36590
G8T,Cap-de-la-Madeleine,QC,46.38770,-72.53570
G8V,Cap-de-la-Madeleine,QC,46.40980,-72.49080
G8W,Cap-de-la-Madeleine,QC,46.41760,-72.63720
G8Y,Trois-Rivières,QC,46.36680,-72.61680
G8Z,Trois-Rivières,QC,46.34580,-72.57160
G9A,Trois-Rivières,QC,46.36950,-72.67890
G9B,Trois-Rivières,QC,46.31600,-72.68330
G9C,Trois-Rivières,QC,46.39220,-72.67250
G9H,Becancour,QC,46.33340,-72.43240
G9N,Shawinigan,QC,46.55640,-72.71980
G9P,Shawinigan,QC,46.50680,-72.74360
G9R,Shawinigan,QC,46.60980,-72.82660
G9T,Grand-Mère,QC,46.63150,-72.73700
G9X,Mauricie,QC,47.43340,-72.78240
H0H,Reserved,QC,90.00000,0.00000
H0M,Akwesasne Region,QC,45.69860,-73.50250
H1A,Pointe-Aux-Trembles,QC,45.67530,-73.50160
H1B,Montreal,QC,45.63200,-73.50750
H1C,Rivière-des-Prairies Northeast,QC,45.66560,-73.53670
H1E,Rivière-Des-Prairies Southwest,QC,45.63420,-73.58420
H1G,Montreal,QC,45.61090,-73.62110
H1H,Montreal,QC,45.58990,-73.63890
H1J,Anjou,QC,45.60970,-73.57940
H1K,Anjou,QC,45.60970,-73.54720
H1L,Mercier,QC,45.60430,-73.51780
H1M,Mercier,QC,45.58830,-73.55720
H1N,Mercier,QC,45.57790,-73.53040
H1P,Saint-Léonard,QC,45.59660,-73.59280
H1R,Saint-Léonard,QC,45.58640,-73.60820
H1S,Saint-Léonard,QC,45.58080,-73.58250
H1T,Rosemont,QC,45.57300,-73.57010
H1V,Maisonneuve,QC,45.55850,-73.53860
H1W,Hochelaga,QC,45.54420,-73.54680
H1X,Rosemont,QC,45.55830,-73.57010
H1Y,Rosemont,QC,45.54860,-73.57880
H1Z,Saint-Michel West,QC,45.56940,-73.62210
H2A,Saint-Michel East,QC,45.56180,-73.59900
H2B,Ahuntsic,QC,45.57410,-73.65070
H2C,Ahuntsic,QC,45.56060,-73.65840
H2E,Villeray,QC,45.55140,-73.61160
H2G,Petite-Patrie,QC,45.54380,-73.59270
H2H,Plateau Mont-Royal,QC,45.53740,-73.57350
H2J,Plateau Mont-Royal,QC,45.53020,-73.58310
H2K,Centre-Sud North,QC,45.53070,-73.55470
H2L,Centre-Sud South,QC,45.51860,-73.55450
H2M,Ahuntsic,QC,45.55280,-73.64110
H2N,Ahuntsic,QC,45.53940,-73.65130
H2P,Villeray,QC,45.54350,-73.63390
H2R,Villeray,QC,45.54010,-73.62250
H2S,Petite-Patrie,QC,45.53540,-73.60610
H2T,Plateau Mont-Royal,QC,45.52470,-73.59530
H2V,Outremont,QC,45.51680,-73.60720
H2W,Plateau Mont-Royal,QC,45.51760,-73.58040
H2X,Plateau Mont-Royal,QC,45.51150,-73.56830
H2Y,Montreal,QC,45.50570,-73.55500
H2Z,Montreal,QC,45.50520,-73.56220
H3A,Montreal,QC,45.50400,-73.57470
H3B,Montreal,QC,45.50050,-73.56840
H3C,Griffintown,QC,45.49800,-73.54720
H3E,L'Île-Des-Soeurs,QC,45.45940,-73.55010
H3G,Montreal,QC,45.49870,-73.57930
H3H,Montreal,QC,45.50090,-73.58770
H3J,Petite-Bourgogne,QC,45.48610,-73.57320
H3K,Pointe-Saint-Charles,QC,45.48050,-73.55540
H3L,Ahuntsic Southwest,QC,45.54670,-73.67180
H3M,Cartierville Northeast,QC,45.53830,-73.69320
H3N,Parc-Extension,QC,45.53020,-73.63270
H3P,Mount Royal,QC,45.52170,-73.63930
H3R,Mount Royal,QC,45.51010,-73.64780
H3S,Côte-des-Neiges,QC,45.50630,-73.62970
H3T,Côte-des-Neiges,QC,45.50180,-73.61910
H3V,Côte-des-Neiges,QC,45.49900,-73.60890
H3W,Côte-des-Neiges,QC,45.48970,-73.63120
H3X,Montréal,QC,45.48190,-73.64210
H3Y,Montréal,QC,45.48760,-73.60450
H3Z,Montréal,QC,45.48250,-73.59330
H4A,Notre-Dame-de-Grâce,QC,45.47170,-73.61490
H4B,Notre-Dame-de-Grâce,QC,45.46040,-73.63030
H4C,Saint-Henri,QC,45.47370,-73.58820
H4E,Ville Émard,QC,45.45460,-73.59850
H4G,Verdun,QC,45.46430,-73.56980
H4H,Verdun,QC,45.44590,-73.58150
H4J,Cartierville,QC,45.53130,-73.70910
H4K,Cartierville,QC,45.51710,-73.73630
H4L,Saint-Laurent,QC,45.51700,-73.68310
H4M,Saint-Laurent,QC,45.49790,-73.68860
H4N,Saint-Laurent,QC,45.52630,-73.66490
H4P,Mount Royal South,QC,45.49640,-73.66470
H4R,Saint-Laurent,QC,45.50490,-73.71420
H4S,Saint-Laurent,QC,45.48580,-73.74330
H4T,Saint-Laurent,QC,45.47520,-73.69610
H4V,Côte-Saint-Luc East,QC,45.46710,-73.64870
H4W,Montréal,QC,45.47000,-73.66860
H4X,Montreal,QC,45.45290,-73.64920
H4Y,Dorval Central,QC,45.86540,-72.76140
H4Z,Tour de la Bourse,QC,45.50610,-73.55730
H5A,Place,QC,45.49920,-73.56460
H5B,Place,QC,45.50660,-73.56230
H7A,Duvernay-Est,QC,45.67390,-73.59240
H7B,Saint-Franþois,QC,45.67570,-73.63880
H7C,Saint-Vincent-de-Paul,QC,45.61680,-73.64920
H7E,Duvernay,QC,45.62250,-73.69490
H7G,Pont-Viau,QC,45.57710,-73.68730
H7H,Auteuil,QC,45.64090,-73.75420
H7J,Auteuil,QC,45.66250,-73.70020
H7K,Auteuil,QC,45.62130,-73.73980
H7L,Sainte-Rose,QC,45.61680,-73.78250
H7M,Vimont,QC,45.59840,-73.71590
H7N,Laval,QC,45.55010,-73.69920
H7P,Fabreville,QC,45.57800,-73.80040
H7R,Laval,QC,45.55260,-73.85070
H7S,Chomedey,QC,45.57930,-73.73670
H7T,Chomedey,QC,45.55730,-73.77250
H7V,Chomedey,QC,45.54780,-73.73680
H7W,Chomedey,QC,45.53380,-73.76520
H7X,Sainte-Dorothée,QC,45.53340,-73.81590
H7Y,Îles-Laval,QC,45.52840,-73.85090
H8N,LaSalle,QC,45.43800,-73.62150
H8P,LaSalle,QC,45.40110,-73.61900
H8R,Saint-Pierre,QC,45.39940,-73.65060
H8S,Lachine,QC,45.44020,-73.67470
H8T,Lachine,QC,45.44190,-73.70570
H8Y,Roxboro,QC,45.50840,-73.80750
H8Z,Pierrefonds,QC,45.50690,-73.84070
H9A,Dollard-Des-Ormeaux,QC,45.49480,-73.83170
H9B,Dollard-Des-Ormeaux,QC,45.48970,-73.79580
H9C,L'Île Bizard Northeast,QC,45.50550,-73.87890
H9E,L'Île-Bizard Southwest,QC,45.48650,-73.90920
H9G,Dollard-Des-Ormeaux,QC,45.47560,-73.83670
H9H,Sainte-Geneviève,QC,45.46830,-73.85650
H9J,Montréal,QC,45.45010,-73.86590
H9K,Senneville,QC,45.45770,-73.91620
H9P,Montréal,QC,45.46790,-73.77480
H9R,Montréal,QC,45.44870,-73.81670
H9S,L'Île-Dorval,QC,45.44140,-73.77490
H9W,Montréal,QC,45.43340,-73.86590
H9X,Sainte-Anne-De-Bellevue,QC,45.40620,-73.94560
J0A,Centre-du-Québec,QC,45.83820,-71.95420
J0B,Estrie,QC,45.10010,-72.04910
J0C,Centre-du-Québec,QC,45.85670,-72.69660
J0E,Estrie-Ouest,QC,45.28310,-72.52440
J0G,Bois-Francs-Nord,QC,46.02100,-72.82390
J0H,Bois-Francs-Sud,QC,45.66090,-72.77000
J0J,Montérégie,QC,45.15290,-73.16360
J0K,Lanaudière,QC,46.79660,-73.87050
J0L,Montérégie,QC,45.19560,-73.56950
J0M,Nunavik,QC,58.32690,-72.16370
J0N,Région d'Oka,QC,45.51350,-74.05340
J0P,Vaudreuil-Soulanges,QC,45.36550,-74.31200
J0R,Lanaudière-Sud,QC,45.86600,-74.17850
J0S,Montérégie,QC,45.10820,-74.04510
J0T,Laurentides,QC,46.30020,-74.58550
J0V,Laurentides-Sud,QC,45.82650,-74.93180
J0W,Outaouais-Nord,QC,47.09210,-75.79670
J0X,Outaouais,QC,46.30700,-76.76530
J0Y,Abitibi-Témiscamingue-Est,QC,52.10460,-75.28070
J0Z,Abitibi-Témiscamingue,QC,47.86260,-78.82400
J1A,Coaticook,QC,45.13340,-71.79910
J1C,Bromptonville,QC,45.47970,-71.94920
J1E,Sherbrooke,QC,45.42310,-71.87230
J1G,Sherbrooke,QC,45.40240,-71.84790
J1H,Sherbrooke,QC,45.38910,-71.89860
J1J,Sherbrooke,QC,45.41310,-71.92380
J1K,Sherbrooke,QC,45.38220,-71.93270
J1L,Sherbrooke,QC,45.41130,-71.95860
J1M,Sherbrooke,QC,45.36560,-71.84200
J1N,Rock Forest,QC,45.33950,-72.01280
J1R,Saint-Élie-d'Orford,QC,45.39660,-72.04220
J1S,Estrie,QC,45.56680,-71.99910
J1T,Estrie,QC,45.76680,-71.93240
J1X,Estrie,QC,45.26680,-72.14910
J1Z,Saint-Cyrille-De-Wendover,QC,45.93340,-72.43240
J2A,Centre-du-Québec,QC,45.81520,-72.40270
J2B,Drummondville South,QC,45.90610,-72.59290
J2C,Centre-du-Québec,QC,45.88930,-72.50550
J2E,Centre-du-Québec,QC,45.90990,-72.52890
J2G,Montérégie,QC,45.40460,-72.72020
J2H,Montérégie,QC,45.39380,-72.70050
J2J,Montérégie,QC,45.40050,-72.78250
J2K,Montérégie,QC,45.20010,-72.74910
J2L,Montérégie,QC,45.31680,-72.64910
J2M,Montérégie,QC,45.35010,-72.56580
J2N,Montérégie,QC,45.28340,-72.98240
J2R,Montérégie,QC,45.65670,-72.92370
J2S,Montérégie,QC,45.61390,-72.99120
J2T,Montérégie,QC,45.59710,-72.93660
J2W,Saint-Luc,QC,45.36940,-73.31370
J2X,Montérégie,QC,45.30900,-73.21900
J2Y,Montérégie,QC,45.31140,-73.35560
J3A,Montérégie,QC,45.33390,-73.27440
J3B,Montérégie,QC,45.28320,-73.27920
J3E,Montérégie,QC,45.58340,-73.33250
J3G,Montérégie,QC,45.59460,-73.22830
J3H,Beloeil East,QC,45.55270,-73.17550
J3L,Montérégie,QC,45.45010,-73.28250
J3M,Montérégie,QC,45.43340,-73.16590
J3N,Saint-Basile-Le-Grand,QC,45.53340,-73.28250
J3P,Sorel,QC,46.03650,-73.06650
J3R,Sorel,QC,46.02060,-73.14390
J3T,Centre-du-Québec,QC,46.21680,-72.61580
J3V,Saint-Bruno,QC,45.53200,-73.34370
J3X,Montérégie,QC,45.68340,-73.43250
J3Y,Saint-Hubert,QC,45.49060,-73.39910
J3Z,Saint-Hubert,QC,45.49810,-73.40120
J4B,Montérégie,QC,45.59100,-73.43610
J4G,Longueuil,QC,45.56790,-73.47610
J4H,Longueuil,QC,45.53720,-73.50560
J4J,Longueuil,QC,45.53620,-73.47210
J4K,Longueuil,QC,45.51830,-73.50230
J4L,Longueuil,QC,45.51810,-73.45760
J4M,Longueuil,QC,45.54180,-73.43820
J4N,Longueuil,QC,45.55230,-73.45580
J4P,Montérégie,QC,45.50730,-73.50820
J4R,Montérégie,QC,45.49240,-73.50090
J4S,Montérégie,QC,45.48100,-73.49700
J4T,Saint-Hubert West,QC,45.49730,-73.46760
J4V,Greenfield Park,QC,45.48650,-73.46220
J4W,Montérégie,QC,45.46740,-73.48320
J4X,Montérégie,QC,45.44550,-73.48410
J4Y,Montérégie,QC,45.44140,-73.45610
J4Z,Montérégie,QC,45.44240,-73.42310
J5A,Montérégie,QC,45.36680,-73.56590
J5B,Montérégie,QC,45.36680,-73.54920
J5C,Montérégie,QC,45.40010,-73.58250
J5J,Saint-Sophie,QC,45.83060,-73.91910
J5K,Laurentides,QC,45.73340,-74.13250
J5L,Laurentides,QC,45.79870,-74.07270
J5M,Lanaudière,QC,45.85010,-73.76590
J5R,Montérégie,QC,45.41680,-73.49920
J5T,Lanaudière,QC,45.88340,-73.28250
J5V,Mauricie,QC,46.25590,-72.94150
J5W,L'Assomption,QC,45.82320,-73.42940
J5X,Lanaudière,QC,45.85010,-73.48250
J5Y,Lanaudière,QC,45.77740,-73.42520
J5Z,Lanaudière,QC,45.76430,-73.50360
J6A,Lanaudière,QC,45.73950,-73.45880
J6E,Joliette,QC,46.01680,-73.44920
J6J,Montérégie,QC,45.36910,-73.72160
J6K,Montérégie,QC,45.35260,-73.73050
J6N,Montérégie,QC,45.31680,-73.86590
J6R,Montérégie,QC,45.31680,-73.74920
J6S,Montérégie,QC,45.27020,-74.04820
J6T,Montérégie,QC,45.24090,-74.10980
J6V,Lanaudière,QC,45.71400,-73.53570
J6W,Lanaudière,QC,45.70640,-73.61780
J6X,Lanaudière,QC,45.72750,-73.70620
J6Y,Lanaudière,QC,45.70000,-73.75200
J6Z,Sainte-Thérèse-de-Blainville Northeast,QC,45.66940,-73.77520
J7A,Sainte-Thérèse-de-Blainville,QC,45.63830,-73.79750
J7B,Sainte-Thérèse-de-Blainville,QC,45.66020,-73.81570
J7C,Sainte-Thérèse-de-Blainville,QC,45.68900,-73.86710
J7E,Laurentides,QC,45.64420,-73.84480
J7G,Sainte-Thérèse-de-Blainville,QC,45.60950,-73.83780
J7H,Sainte-Thérèse-de-Blainville,QC,45.62090,-73.87280
J7J,Mirabel,QC,45.70450,-73.94720
J7K,Lanaudière,QC,45.77000,-73.60490
J7L,Lanaudière,QC,45.74240,-73.65090
J7M,La Plaine,QC,45.78880,-73.74420
J7N,Mirabel,QC,45.63450,-74.10050
J7P,Laurentides,QC,45.57790,-73.88090
J7R,Laurentides,QC,45.57400,-73.94000
J7T,Vaudreuil-Dorion RCM,QC,45.37020,-74.12490
J7V,Montérégie,QC,45.40010,-74.03250
J7W,Pincourt,QC,45.36650,-73.97360
J7X,Valleyfield,QC,45.26910,-74.23390
J7Y,Laurentides,QC,45.80580,-74.01650
J7Z,Laurentides,QC,45.77880,-73.98290
J8A,Laurentides,QC,45.93340,-74.01590
J8B,Laurentides,QC,45.95010,-74.13250
J8C,Sainte-Agathe-Des-Monts,QC,46.05010,-74.28250
J8E,Laurentides,QC,46.19490,-74.62640
J8G,Chatham,QC,45.68340,-74.41590
J8H,Laurentides,QC,45.65010,-74.33250
J8L,Buckingham,QC,45.58560,-75.42080
J8M,Masson-Angers,QC,45.54350,-75.42740
J8N,Outaouais,QC,45.65010,-75.66600
J8P,Gatineau,QC,45.48690,-75.61570
J8R,Gatineau,QC,45.52870,-75.60880
J8T,Gatineau,QC,45.47760,-75.70590
J8V,Gatineau,QC,45.57110,-75.76150
J8X,Hull,QC,45.44000,-75.71190
J8Y,Hull,QC,45.44800,-75.74340
J8Z,Hull,QC,45.47160,-75.76160
J9A,Hull Southwest,QC,45.42790,-75.77110
J9B,Outaouais,QC,45.50010,-75.78270
J9E,Outaouais,QC,46.38340,-75.96600
J9H,Aylmer,QC,45.39320,-75.82880
J9J,Aylmer,QC,45.43940,-75.84650
J9L,Laurentides,QC,46.55010,-75.49930
J9P,Abitibi-Témiscamingue,QC,48.10020,-77.78280
J9T,Abitibi-Témiscamingue,QC,48.56690,-78.11620
J9V,Abitibi-Témiscamingue,QC,47.33340,-79.43300
J9X,Rouyn-Noranda,QC,48.28550,-78.82340
J9Y,Rouyn-Noranda,QC,48.16070,-79.07140
J9Z,Abitibi-Témiscamingue,QC,48.80020,-79.19960
K0A,National Capital Region,ON,45.25570,-76.27540
K0B,Prescott and Russell United Counties,ON,45.50290,-74.74790
K0C,"Stormont, Dundas and Glengarry United Counties",ON,45.16860,-74.89660
K0E,South Leeds and Grenville United Counties,ON,44.87340,-75.44160
K0G,Rideau Lakes area,ON,45.04660,-76.47570
K0H,Frontenac County,ON,44.72080,-76.83340
K0J,Renfrew County,ON,45.66060,-77.58860
K0K,"Quinte Shores, East Northumberland County & Prince Edward County",ON,44.32610,-77.43180
K0L,Peterborough County,ON,44.77670,-77.96870
K0M,Kawartha lakes and Haliburton County,ON,44.86450,-78.65530
K1A,Ottawa,ON,45.42070,-75.70230
K1B,Gloucester,ON,45.42840,-75.58750
K1C,Gloucester,ON,45.46770,-75.53990
K1E,Orleans,ON,45.47710,-75.50460
K1G,Ottawa,ON,45.35480,-75.57730
K1H,Ottawa,ON,45.38760,-75.65930
K1J,Gloucester,ON,45.45190,-75.60360
K1K,Ottawa,ON,45.44480,-75.64310
K1L,Ottawa,ON,45.44000,-75.66300
K1M,Ottawa,ON,45.44910,-75.68180
K1N,Ottawa,ON,45.42890,-75.68440
K1P,Ottawa,ON,45.42250,-75.70260
K1R,Ottawa,ON,45.41230,-75.71080
K1S,Ottawa,ON,45.39900,-75.68710
K1T,Gloucester,ON,45.32950,-75.61560
K1V,Ottawa,ON,45.32810,-75.67190
K1W,Gloucester,ON,45.43650,-75.51580
K1X,Gloucester,ON,45.27560,-75.62830
K1Y,Ottawa,ON,45.40230,-75.73290
K1Z,Ottawa,ON,45.38670,-75.74050
K2A,Ottawa,ON,45.38050,-75.76360
K2B,Ottawa,ON,45.36450,-75.79340
K2C,Ottawa,ON,45.36790,-75.73810
K2E,Nepean,ON,45.34380,-75.71570
K2G,Nepean,ON,45.32110,-75.73910
K2H,Nepean,ON,45.34330,-75.82650
K2J,Nepean,ON,45.26910,-75.75180
K2K,Kanata,ON,45.37040,-75.91980
K2L,Kanata,ON,45.30010,-75.92440
K2M,Kanata,ON,45.28610,-75.85620
K2P,Ottawa,ON,45.41660,-75.69040
K2R,Nepean,ON,45.28990,-75.81260
K2S,Stittsville,ON,45.25010,-75.91610
K2T,Kanata,ON,45.31700,-75.93670
K2V,Kanata,ON,45.28540,-75.89280
K2W,Kanata,ON,45.36990,-75.98870
K4A,Orleans,ON,45.46970,-75.47150
K4B,Cumberland Township,ON,45.41010,-75.36380
K4C,Cumberland,ON,45.49800,-75.39160
K4K,Rockland,ON,45.55010,-75.29100
K4M,Manotick,ON,45.21540,-75.65280
K4P,Greely,ON,45.24340,-75.56740
K4R,Russell,ON,45.23880,-75.35270
K6A,Hawkesbury,ON,45.60010,-74.61600
K6H,Cornwall,ON,45.05650,-74.68520
K6J,Cornwall,ON,45.02230,-74.75690
K6K,Cornwall,ON,45.06100,-74.77740
K6T,Elizabethtown,ON,44.63010,-75.74480
K6V,Brockville,ON,44.65730,-75.71460
K7A,Smiths Falls,ON,44.90010,-76.01610
K7C,Carleton Place,ON,45.13340,-76.14940
K7G,Gananoque,ON,44.33340,-76.16610
K7H,Perth,ON,44.90010,-76.24940
K7K,Kingston,ON,44.25690,-76.47170
K7L,Kingston,ON,44.29550,-76.42800
K7M,Kingston,ON,44.24110,-76.57880
K7N,Amherstview,ON,44.22240,-76.65000
K7P,Kingston,ON,44.28140,-76.61110
K7R,Napanee,ON,44.25010,-76.94940
K7S,Arnprior,ON,45.43340,-76.34940
K7V,Renfrew,ON,45.46680,-76.68270
K8A,Pembroke,ON,45.74660,-77.20470
K8B,Pembroke,ON,45.80800,-77.08060
K8H,Petawawa,ON,45.89450,-77.28010
K8N,Belleville,ON,44.17350,-77.36840
K8P,Belleville,ON,44.16650,-77.40370
K8R,Belleville,ON,44.13990,-77.46830
K8V,Trenton,ON,44.09920,-77.57760
K9A,Cobourg,ON,43.95980,-78.16510
K9H,Peterborough,ON,44.32450,-78.31840
K9J,Peterborough,ON,44.31040,-78.23960
K9K,Peterborough,ON,44.31380,-78.36060
K9L,Peterborough,ON,44.35520,-78.31990
K9V,Lindsay,ON,44.35010,-78.73290
L0A,West Northumberland County,ON,44.12630,-78.51930
L0B,East Durham Regional Municipality,ON,44.07730,-78.74650
L0C,West Durham Regional Municipality,ON,44.20940,-79.07250
L0E,Lake Simcoe,ON,44.31990,-79.27780
L0G,Ontario Centre,ON,44.05860,-79.62350
L0H,Whitby Region,ON,43.90230,-79.15540
L0J,North Peel Regional Municipality,ON,43.85660,-79.64850
L0K,Lake Simcoe,ON,44.62330,-79.12350
L0L,Lake Simcoe,ON,44.45480,-79.73520
L0M,Georgian Bay South Shore,ON,44.32690,-80.03330
L0N,Dufferin County,ON,44.03170,-80.20680
L0P,Halton,ON,43.49060,-79.99980
L0R,East Haldimand County,ON,43.16070,-79.74630
L0S,Niagara Regional Municipality,ON,42.90710,-79.08320
L1A,Port Hope,ON,44.01680,-78.39950
L1B,Bowmanville,ON,43.92350,-78.54570
L1C,Bowmanville,ON,43.97140,-78.70950
L1E,Courtice,ON,43.89690,-78.76830
L1G,Oshawa,ON,43.92330,-78.86840
L1H,Oshawa,ON,43.97210,-78.88370
L1J,Oshawa,ON,43.88520,-78.87710
L1K,Oshawa,ON,43.92510,-78.82870
L1L,Oshawa,ON,43.95810,-78.89720
L1M,Whitby,ON,43.95660,-78.97790
L1N,Whitby,ON,43.87210,-78.92730
L1P,Whitby,ON,43.88660,-78.97500
L1R,Whitby,ON,43.92150,-78.94120
L1S,Ajax,ON,43.84040,-79.02510
L1T,Ajax,ON,43.88430,-79.05340
L1V,Pickering,ON,43.86050,-79.16180
L1W,Pickering,ON,43.81970,-79.08030
L1X,Pickering,ON,43.85580,-79.09720
L1Y,Pickering,ON,43.95550,-79.11940
L1Z,Ajax,ON,43.87730,-79.00550
L2A,Fort Erie,ON,42.90010,-78.93290
L2E,Niagara Falls,ON,43.05370,-79.10180
L2G,Niagara Falls,ON,43.06960,-79.08180
L2H,Niagara Falls,ON,43.10090,-79.13790
L2J,Niagara Falls,ON,43.12960,-79.10340
L2M,St. Catharines,ON,43.19600,-79.21610
L2N,St. Catharines,ON,43.19230,-79.25590
L2P,St. Catharines,ON,43.15270,-79.20910
L2R,St. Catharines,ON,43.14190,-79.29660
L2S,St. Catharines,ON,43.14470,-79.26340
L2T,St. Catharines,ON,43.13130,-79.23170
L2V,St. Catharines,ON,43.11420,-79.20350
L2W,St. Catharines,ON,43.16880,-79.27940
L3B,Welland,ON,42.98780,-79.22190
L3C,Welland,ON,42.99980,-79.26560
L3K,Port Colborne,ON,42.90010,-79.23290
L3M,Grimsby,ON,43.20010,-79.56630
L3P,Markham,ON,43.87690,-79.26860
L3R,Markham,ON,43.84790,-79.32880
L3S,Markham,ON,43.84860,-79.26170
L3T,Thornhill East,ON,43.82270,-79.39460
L3V,Orillia,ON,44.60870,-79.42070
L3X,Newmarket,ON,44.04330,-79.49120
L3Y,Newmarket,ON,44.05650,-79.45550
L3Z,Bradford,ON,44.11680,-79.56630
L4A,Stouffville,ON,43.96680,-79.24960
L4B,Richmond Hill,ON,43.85820,-79.39850
L4C,Richmond Hill,ON,43.86690,-79.44140
L4E,Richmond Hill,ON,43.93940,-79.43490
L4G,Aurora,ON,44.00010,-79.46630
L4H,Woodbridge,ON,43.84320,-79.56440
L4J,Thornhill West,ON,43.81560,-79.45340
L4K,Concord,ON,43.80010,-79.48290
L4L,Woodbridge,ON,43.80640,-79.59950
L4M,Barrie,ON,44.40010,-79.66630
L4N,Barrie,ON,44.35720,-79.69290
L4P,Keswick,ON,44.25010,-79.46630
L4R,Midland,ON,44.75010,-79.88300
L4S,Richmond Hill,ON,43.89850,-79.41430
L4T,Mississauga,ON,43.71390,-79.64340
L4V,Mississauga,ON,43.69350,-79.60690
L4W,Mississauga,ON,43.64130,-79.62960
L4X,Mississauga,ON,43.61780,-79.57860
L4Y,Mississauga,ON,43.60280,-79.59290
L4Z,Mississauga,ON,43.61920,-79.65380
L5A,Mississauga,ON,43.58830,-79.60910
L5B,Mississauga,ON,43.57710,-79.63060
L5C,Mississauga,ON,43.56240,-79.65040
L5E,Mississauga,ON,43.58360,-79.56100
L5G,Mississauga,ON,43.56470,-79.58520
L5H,Mississauga,ON,43.54190,-79.61640
L5J,Mississauga,ON,43.51020,-79.62960
L5K,Mississauga,ON,43.52720,-79.66170
L5L,Mississauga,ON,43.53730,-79.69030
L5M,Mississauga,ON,43.56370,-79.72020
L5N,Mississauga,ON,43.59240,-79.76110
L5P,Mississauga,ON,43.69040,-79.62380
L5R,Mississauga,ON,43.60600,-79.67080
L5S,Mississauga,ON,43.68010,-79.67830
L5T,Mississauga,ON,43.66830,-79.61820
L5V,Mississauga,ON,43.59720,-79.69310
L5W,Mississauga,ON,43.63130,-79.71480
L6A,Maple,ON,43.85010,-79.51630
L6B,Markham,ON,43.90070,-79.21750
L6C,Markham,ON,43.90450,-79.33920
L6E,Markham,ON,43.90020,-79.26760
L6G,Markham,ON,43.84850,-79.33460
L6H,Oakville,ON,43.48810,-79.70980
L6J,Oakville,ON,43.47570,-79.65910
L6K,Oakville,ON,43.43960,-79.68780
L6L,Oakville,ON,43.40320,-79.71860
L6M,Oakville,ON,43.44640,-79.75930
L6P,Brampton,ON,43.79420,-79.70210
L6R,Brampton,ON,43.75920,-79.76050
L6S,Brampton,ON,43.73790,-79.72600
L6T,Brampton,ON,43.71960,-79.68540
L6V,Brampton,ON,43.70590,-79.76260
L6W,Brampton,ON,43.68000,-79.72730
L6X,Brampton,ON,43.66650,-79.80540
L6Y,Brampton,ON,43.62490,-79.78760
L6Z,Brampton,ON,43.73280,-79.79530
L7A,Brampton West,ON,43.69090,-79.83770
L7B,King City,ON,43.92860,-79.52690
L7C,Caledon,ON,43.87530,-79.85580
L7E,Bolton,ON,43.87950,-79.73790
L7G,Georgetown,ON,43.65010,-79.91630
L7J,Acton,ON,43.62970,-80.04150
L7K,Caledon Village,ON,43.86020,-79.99600
L7L,Burlington,ON,43.37990,-79.76680
L7M,Burlington,ON,43.43420,-79.87010
L7N,Burlington,ON,43.35120,-79.78400
L7P,Burlington,ON,43.38060,-79.88600
L7R,Burlington,ON,43.37500,-79.84340
L7S,Burlington,ON,43.32300,-79.80920
L7T,Burlington,ON,43.30810,-79.85070
L8B,Waterdown,ON,43.33340,-79.88290
L8E,Hamilton,ON,43.22450,-79.69880
L8G,Hamilton,ON,43.21640,-79.74230
L8H,Hamilton,ON,43.25960,-79.79250
L8J,Hamilton,ON,43.18360,-79.72100
L8K,Hamilton,ON,43.22110,-79.79940
L8L,Hamilton,ON,43.27830,-79.83440
L8M,Hamilton,ON,43.24410,-79.83590
L8N,Hamilton,ON,43.40170,-80.01700
L8P,Hamilton,ON,43.25140,-79.89250
L8R,Hamilton,ON,43.27260,-79.87920
L8S,Hamilton,ON,43.26060,-79.91610
L8T,Hamilton,ON,43.21990,-79.82860
L8V,Hamilton,ON,43.22660,-79.84990
L8W,Hamilton,ON,43.19580,-79.84580
L9A,Hamilton,ON,43.22710,-79.87100
L9B,Hamilton,ON,43.20550,-79.90040
L9C,Hamilton,ON,43.23130,-79.90490
L9E,Halton,ON,43.51680,-79.88290
L9G,Ancaster,ON,43.18360,-79.99020
L9H,Dundas,ON,43.26380,-79.95240
L9J,Barrie,ON,44.31860,-79.67610
L9K,Ancaster,ON,43.22500,-79.94270
L9L,Port Perry,ON,44.10680,-78.94440
L9M,Penetanguishene,ON,44.78340,-79.91640
L9N,Holland Landing,ON,44.11490,-79.50140
L9P,Uxbridge,ON,44.10010,-79.11630
L9R,Alliston,ON,44.15010,-79.86630
L9S,Innisfil,ON,44.30010,-79.64960
L9T,Milton,ON,43.51480,-79.88400
L9V,Orangeville,ON,43.95970,-80.10790
L9W,Orangeville,ON,43.97020,-80.01600
L9X,Minesing,ON,44.43340,-79.83300
L9Y,Collingwood,ON,44.48340,-80.21640
L9Z,Wasaga Beach,ON,44.51680,-80.01640
M1B,Scarborough,ON,43.81130,-79.19300
M1C,Scarborough,ON,43.78780,-79.15640
M1E,Scarborough,ON,43.76780,-79.18660
M1G,Scarborough,ON,43.77120,-79.21440
M1H,Scarborough,ON,43.76860,-79.23890
M1J,Scarborough,ON,43.74640,-79.23230
M1K,Scarborough,ON,43.72980,-79.26390
M1L,Scarborough,ON,43.71220,-79.28430
M1M,Scarborough,ON,43.72470,-79.23120
M1N,Scarborough,ON,43.69520,-79.26460
M1P,Scarborough,ON,43.76120,-79.27070
M1R,Scarborough,ON,43.75070,-79.30030
M1S,Scarborough,ON,43.79460,-79.26440
M1T,Scarborough,ON,43.78120,-79.30360
M1V,Scarborough,ON,43.81770,-79.28190
M1W,Scarborough,ON,43.80160,-79.32160
M1X,Scarborough,ON,43.83400,-79.20690
M2H,North York,ON,43.80150,-79.35770
M2J,North York,ON,43.78010,-79.34790
M2K,North York,ON,43.77970,-79.38130
M2L,North York,ON,43.75470,-79.37640
M2M,Willowdale,ON,43.79150,-79.41030
M2N,Willowdale,ON,43.76730,-79.41110
M2P,North York,ON,43.75000,-79.39780
M2R,Willowdale,ON,43.77860,-79.44500
M3A,North York,ON,43.75450,-79.33000
M3B,Don Mills,ON,43.74500,-79.35900
M3C,Don Mills,ON,43.73340,-79.33290
M3H,North York,ON,43.75350,-79.44720
M3J,North York,ON,43.76940,-79.49210
M3K,Toronto,ON,43.73900,-79.46920
M3L,Downsview,ON,43.73340,-79.51160
M3M,Downsview,ON,43.73190,-79.49280
M3N,North York,ON,43.75680,-79.52100
M4A,North York,ON,43.72760,-79.31480
M4B,East York,ON,43.70630,-79.30940
M4C,East York,ON,43.69130,-79.31160
M4E,Toronto,ON,43.67840,-79.29410
M4G,East York,ON,43.71240,-79.36440
M4H,East York,ON,43.70590,-79.34640
M4J,Toronto,ON,43.68720,-79.33680
M4K,Toronto,ON,43.68030,-79.35380
M4L,Toronto,ON,43.66930,-79.31550
M4M,Toronto,ON,43.65610,-79.34060
M4N,Toronto,ON,43.73010,-79.39350
M4P,Toronto,ON,43.71350,-79.38870
M4R,Toronto,ON,43.71430,-79.40650
M4S,Toronto,ON,43.70200,-79.38530
M4T,Toronto,ON,43.68990,-79.38530
M4V,Toronto,ON,43.68610,-79.40250
M4W,Toronto,ON,43.68270,-79.37300
M4X,Toronto,ON,43.66840,-79.36890
M4Y,Toronto,ON,43.66560,-79.38300
M5A,Toronto,ON,43.65550,-79.36260
M5B,Toronto,ON,43.65720,-79.37830
M5C,Toronto,ON,43.65130,-79.37560
M5E,Toronto,ON,43.64560,-79.37540
M5G,Toronto,ON,43.65640,-79.38600
M5H,Toronto,ON,43.64960,-79.38330
M5J,Toronto,ON,43.62300,-79.39360
M5K,Toronto,ON,43.64690,-79.38230
M5L,Toronto,ON,43.64920,-79.38230
M5M,North York,ON,43.73350,-79.41770
M5N,Toronto,ON,43.71130,-79.41950
M5P,Toronto,ON,43.69660,-79.41200
M5R,Toronto,ON,43.67360,-79.40350
M5S,Toronto,ON,43.66290,-79.39870
M5T,Toronto,ON,43.65410,-79.39780
M5V,Toronto,ON,43.64040,-79.39950
M5W,Toronto,ON,43.64370,-79.37870
M5X,Toronto,ON,43.64920,-79.38230
M6A,North York,ON,43.72230,-79.45040
M6B,North York,ON,43.70810,-79.44790
M6C,York,ON,43.69150,-79.43070
M6E,York,ON,43.68890,-79.45070
M6G,Toronto,ON,43.66830,-79.42050
M6H,Toronto,ON,43.66550,-79.43780
M6J,Toronto,ON,43.64800,-79.41770
M6K,Toronto,ON,43.63830,-79.43010
M6L,North York,ON,43.71370,-79.48690
M6M,York,ON,43.69340,-79.48570
M6N,York,ON,43.67480,-79.48390
M6P,Toronto,ON,43.66050,-79.46330
M6R,Toronto,ON,43.64690,-79.45210
M6S,Toronto,ON,43.65120,-79.48280
M7A,Queen's Park Ontario Provincial Government,ON,43.66410,-79.38890
M7Y,Toronto,ON,43.78040,-79.25050
M8V,Toronto,ON,43.60750,-79.50130
M8W,Etobicoke,ON,43.60210,-79.54020
M8X,Etobicoke,ON,43.65180,-79.50760
M8Y,Etobicoke,ON,43.63250,-79.49390
M8Z,Etobicoke,ON,43.62560,-79.52310
M9A,Etobicoke,ON,43.66620,-79.52820
M9B,Etobicoke,ON,43.65050,-79.55170
M9C,Etobicoke,ON,43.64370,-79.57670
M9L,North York,ON,43.75980,-79.55650
M9M,North York,ON,43.73660,-79.54010
M9N,Weston,ON,43.70680,-79.51700
M9P,Etobicoke,ON,43.69490,-79.53230
M9R,Etobicoke,ON,43.68980,-79.55820
M9V,Etobicoke,ON,43.74320,-79.58760
M9W,Etobicoke,ON,43.71440,-79.59090
N0A,West Haldimand,ON,42.94030,-79.94500
N0B,Wellington,ON,43.55690,-80.44140
N0C,Georgian Bay Southwest Shore,ON,44.25610,-80.50290
N0E,Brant and Norfolk,ON,42.66180,-80.55720
N0G,Huron,ON,44.00240,-81.06760
N0H,Bruce Peninsula,ON,44.69410,-81.09620
N0J,Oxford,ON,42.97750,-80.70570
N0K,Perth,ON,43.50670,-81.15820
N0L,Elgin,ON,42.75570,-81.45330
N0M,Middlesex,ON,43.27880,-81.54420
N0N,Lambton,ON,42.90620,-82.11000
N0P,Kent,ON,42.40450,-81.91070
N0R,Essex,ON,42.17830,-82.77150
N1A,Dunnville,ON,42.90010,-79.61630
N1C,Guelph,ON,43.49210,-80.22670
N1E,Guelph,ON,43.56770,-80.24180
N1G,Guelph,ON,43.51840,-80.22570
N1H,Guelph,ON,43.55880,-80.30040
N1K,Guelph,ON,43.52600,-80.30510
N1L,Guelph,ON,43.51600,-80.19000
N1M,Fergus,ON,43.70010,-80.36640
N1P,Cambridge,ON,43.33980,-80.29550
N1R,Cambridge,ON,43.36660,-80.22390
N1S,Cambridge,ON,43.35920,-80.33470
N1T,Cambridge,ON,43.38490,-80.28330
N2A,Kitchener,ON,43.44130,-80.42460
N2B,Kitchener,ON,43.46460,-80.44670
N2C,Kitchener,ON,43.41820,-80.44510
N2E,Kitchener,ON,43.41060,-80.50110
N2G,Kitchener,ON,43.44430,-80.48910
N2H,Kitchener,ON,43.45810,-80.48180
N2J,Waterloo,ON,43.50400,-80.53660
N2K,Kitchener,ON,43.49610,-80.49360
N2L,Waterloo,ON,43.47150,-80.54540
N2M,Kitchener,ON,43.43630,-80.50930
N2N,Kitchener,ON,43.42600,-80.54380
N2P,Kitchener,ON,43.38780,-80.42960
N2R,Kitchener,ON,43.38490,-80.48700
N2T,Waterloo,ON,43.45300,-80.56920
N2V,Waterloo,ON,43.47640,-80.58420
N2Z,Kincardine,ON,44.16640,-81.60100
N3A,Baden,ON,43.40010,-80.64970
N3B,Elmira,ON,43.60010,-80.54970
N3C,Cambridge,ON,43.43890,-80.26490
N3E,Cambridge,ON,43.41930,-80.35050
N3H,Cambridge,ON,43.42670,-80.36990
N3L,Paris,ON,43.20000,-80.38330
N3P,Brant,ON,43.18180,-80.23670
N3R,Brant,ON,43.16920,-80.26840
N3S,Brant,ON,43.13940,-80.23570
N3T,Brant,ON,43.13100,-80.32540
N3V,Brant,ON,43.17340,-80.29800
N3W,Caledonia,ON,43.06680,-79.93290
N3Y,Simcoe,ON,42.83340,-80.29970
N4B,Delhi,ON,42.85010,-80.49970
N4G,Tillsonburg,ON,42.85990,-80.72620
N4K,Owen Sound,ON,44.56720,-80.94350
N4L,Meaford,ON,44.60010,-80.58300
N4N,Hanover,ON,44.15010,-81.03300
N4S,Woodstock,ON,43.14320,-80.73380
N4T,Woodstock,ON,43.14850,-80.73190
N4V,Woodstock,ON,43.11500,-80.74300
N4W,Listowel,ON,43.73340,-80.94970
N4X,St. Mary's,ON,43.26550,-81.16870
N4Z,Stratford South,ON,43.36340,-81.00690
N5A,Stratford North,ON,43.36680,-80.94970
N5C,Ingersoll,ON,43.03340,-80.88300
N5H,Aylmer,ON,42.76680,-80.98300
N5L,Port Stanley,ON,42.66680,-81.21640
N5P,St. Thomas,ON,42.77790,-81.17690
N5R,St. Thomas,ON,42.75970,-81.17620
N5V,London,ON,43.02330,-81.16430
N5W,London,ON,42.98560,-81.18210
N5X,London,ON,43.04430,-81.23910
N5Y,London,ON,43.01230,-81.23070
N5Z,London,ON,42.96600,-81.20530
N6A,London,ON,42.99760,-81.25630
N6B,London,ON,42.98350,-81.23860
N6C,London,ON,42.95820,-81.23800
N6E,London,ON,42.91850,-81.22440
N6G,London,ON,43.01470,-81.30490
N6H,London,ON,42.99150,-81.34020
N6J,London,ON,42.95460,-81.27350
N6K,London,ON,42.95360,-81.34180
N6L,London,ON,42.87190,-81.24720
N6M,London,ON,42.96320,-81.13920
N6N,London,ON,42.89970,-81.15920
N6P,London,ON,42.89090,-81.32360
N7A,Goderich,ON,43.75010,-81.71650
N7G,Strathroy,ON,42.95510,-81.62230
N7L,Chatham,ON,42.42090,-82.19930
N7M,Chatham,ON,42.42380,-82.11830
N7S,Sarnia,ON,42.98880,-82.35920
N7T,Sarnia,ON,42.95780,-82.27770
N7V,Sarnia,ON,42.99980,-82.39260
N7W,Sarnia,ON,42.96440,-82.32590
N7X,Sarnia,ON,43.02140,-82.32120
N8A,Wallaceburg,ON,42.59300,-82.38850
N8H,Leamington,ON,42.05490,-82.60620
N8M,Essex,ON,42.17510,-82.82480
N8N,Tecumseh,ON,42.29460,-82.86670
N8P,Windsor,ON,42.32760,-82.91040
N8R,Windsor,ON,42.30670,-82.91500
N8S,Windsor,ON,42.32830,-82.94720
N8T,Windsor,ON,42.30370,-82.94590
N8V,Tecumseh,ON,42.27730,-82.94470
N8W,Windsor,ON,42.28360,-82.97710
N8X,Windsor,ON,42.29260,-83.01860
N8Y,Windsor,ON,42.31760,-82.99290
N9A,Windsor,ON,42.20070,-83.02760
N9B,Windsor,ON,42.29490,-83.05200
N9C,Windsor,ON,42.27670,-83.07930
N9E,Windsor,ON,42.26520,-83.03140
N9G,Windsor,ON,42.24810,-82.99520
N9H,La Salle,ON,42.23180,-83.02810
N9J,La Salle,ON,42.21870,-83.08010
N9K,Tecumseh Central,ON,42.29780,-82.87010
N9V,Amherstburg,ON,42.11680,-83.04980
N9Y,Kingsville,ON,42.05020,-82.75980
P0A,Nipissing,ON,45.58810,-79.35460
P0B,Nipissing,ON,45.18630,-79.41150
P0C,Parry Sound,ON,45.12750,-79.78600
P0E,Parry Sound,ON,44.86080,-79.50690
P0G,Parry Sound,ON,45.67180,-80.36880
P0H,Nipissing,ON,46.31090,-79.36170
P0J,Timiskaming,ON,47.57760,-80.20360
P0K,Timiskaming,ON,48.52340,-80.30810
P0L,Cochrane Region,ON,51.97000,-83.53690
P0M,"Algoma, Sudbury District and Greater Sudbury",ON,47.65260,-82.47530
P0N,Timmins Region,ON,48.60270,-81.01150
P0P,Manitoulin,ON,45.75650,-82.21510
P0R,Algoma,ON,46.59840,-83.03850
P0S,Lake Superior,ON,48.04800,-84.67270
P0T,Lake Superior,ON,49.29240,-88.75600
P0V,Northwestern Ontario,ON,52.96480,-90.15050
P0W,Rainy River Region,ON,48.87500,-93.75220
P0X,Kenora Region,ON,50.92930,-93.30950
P0Y,Lake of the Woods East Shore,ON,49.76030,-95.10030
P1A,North Bay,ON,46.28010,-79.45020
P1B,North Bay,ON,46.33640,-79.58300
P1C,North Bay,ON,46.33970,-79.42230
P1H,Huntsville,ON,45.33340,-79.21630
P1L,Bracebridge,ON,45.03340,-79.31630
P1P,Gravenhurst,ON,44.91680,-79.36630
P2A,Parry Sound,ON,45.35010,-80.03300
P2B,Sturgeon Falls,ON,46.36680,-79.91640
P2N,Kirkland Lake,ON,48.14460,-80.03770
P3A,Greater Sudbury,ON,46.51870,-80.93400
P3B,Greater Sudbury,ON,46.48470,-80.93040
P3C,Greater Sudbury,ON,46.51330,-81.02250
P3E,Greater Sudbury,ON,46.26760,-80.90630
P3G,Greater Sudbury,ON,46.40310,-80.97450
P3L,Greater Sudbury,ON,46.59420,-80.85000
P3N,Greater Sudbury,ON,46.58450,-81.00290
P3P,Greater Sudbury,ON,46.72590,-81.01660
P3Y,Greater Sudbury,ON,46.44310,-81.12700
P4N,Timmins,ON,48.46690,-81.33310
P4P,Timmins,ON,48.49850,-81.34480
P4R,Timmins,ON,48.47020,-81.39970
P5A,Elliot Lake,ON,46.38340,-82.63320
P5E,Espanola,ON,46.25840,-81.76650
P5N,Kapuskasing,ON,49.41690,-82.43310
P6A,Sault Ste.,ON,46.51680,-84.33330
P6B,Sault Ste.,ON,46.53070,-84.30460
P6C,Sault Ste.,ON,46.53530,-84.37320
P7A,Thunder Bay,ON,48.46010,-89.20350
P7B,Thunder Bay,ON,48.94750,-89.40630
P7C,Thunder Bay,ON,48.35200,-89.46490
P7E,Thunder Bay,ON,48.36840,-89.28400
P7G,Thunder Bay,ON,48.40010,-89.31680
P7J,Thunder Bay,ON,48.28340,-89.36680
P7K,Thunder Bay,ON,48.37280,-89.34840
P7L,Neebing,ON,48.16680,-89.41680
P8N,Dryden,ON,49.78330,-92.75030
P8T,Sioux Lookout,ON,50.06680,-91.98360
P9A,Fort Frances,ON,48.63930,-93.44690
P9N,Kenora,ON,49.75730,-94.34270
R0A,Southeastern Manitoba,MB,49.29110,-96.29850
R0B,Northern Manitoba,MB,56.27010,-96.91180
R0C,North Interlake,MB,51.41320,-97.85250
R0E,Eastern Manitoba,MB,50.47510,-95.96100
R0G,South,MB,49.43940,-98.08690
R0H,South,MB,50.34580,-98.51520
R0J,Riding Mountain,MB,50.58420,-100.13450
R0K,Brandon Region,MB,49.55500,-99.71540
R0L,Western Manitoba,MB,52.00920,-100.29010
R0M,Southwestern Manitoba,MB,49.71100,-100.92630
R1A,Selkirk,MB,50.14360,-96.88450
R1B,Lockport,MB,50.08400,-96.93530
R1C,Narol,MB,50.05500,-96.97810
R1N,Portage la Prairie,MB,49.97280,-98.29260
R2C,Winnipeg,MB,49.92470,-96.95630
R2E,East St. Paul,MB,49.97910,-97.01280
R2G,Winnipeg,MB,49.94130,-97.05710
R2H,Winnipeg,MB,49.88460,-97.11860
R2J,Winnipeg,MB,49.86650,-97.06330
R2K,Winnipeg,MB,49.92030,-97.08300
R2L,Winnipeg,MB,49.90750,-97.09960
R2M,Winnipeg,MB,49.83960,-97.11470
R2N,Winnipeg,MB,49.78380,-97.09730
R2P,Winnipeg,MB,49.96960,-97.15540
R2R,Winnipeg,MB,49.93770,-97.21620
R2V,Winnipeg,MB,49.95480,-97.11120
R2W,Winnipeg,MB,49.91950,-97.13540
R2X,Winnipeg,MB,49.93220,-97.17330
R2Y,Winnipeg,MB,49.90730,-97.29450
R3A,Winnipeg,MB,49.90380,-97.14890
R3B,Winnipeg,MB,49.89800,-97.14010
R3C,Winnipeg,MB,50.01100,-97.21840
R3E,Winnipeg,MB,49.90810,-97.17790
R3G,Winnipeg,MB,49.88760,-97.18070
R3H,Winnipeg,MB,49.90330,-97.20740
R3J,Winnipeg,MB,49.89660,-97.24040
R3K,Winnipeg,MB,49.87340,-97.30700
R3L,Winnipeg,MB,49.86700,-97.13560
R3M,Winnipeg,MB,49.86250,-97.16650
R3N,Winnipeg,MB,49.86290,-97.19590
R3P,Winnipeg,MB,49.84250,-97.21820
R3R,Winnipeg,MB,49.85460,-97.28740
R3S,Winnipeg,MB,49.82550,-97.29340
R3T,Winnipeg,MB,49.81430,-97.15310
R3V,Winnipeg,MB,49.74620,-97.17450
R3W,Winnipeg,MB,49.91410,-97.04010
R3X,Winnipeg,MB,49.82090,-97.03220
R3Y,Winnipeg,MB,49.78850,-97.21470
R4A,West St. Paul,MB,50.02110,-97.11470
R4G,Oak Bluff,MB,49.77360,-97.32210
R4H,Headingley,MB,49.87610,-97.38120
R4J,Headingley,MB,49.84670,-97.43190
R4K,Cartier,MB,49.89080,-97.60040
R4L,St. Francois Xavier,MB,49.93720,-97.55450
R5A,St. Adolphe,MB,49.71200,-97.08360
R5G,Steinbach,MB,49.52580,-96.68450
R5H,Ste. Anne,MB,49.66970,-96.65000
R5K,Taché,MB,49.73920,-96.87230
R6M,Morden,MB,49.19190,-98.10140
R6W,Winkler,MB,49.18170,-97.94100
R7A,Brandon,MB,49.81740,-99.95650
R7B,Brandon,MB,49.84200,-99.98310
R7C,Brandon,MB,49.88170,-99.96500
R7N,Dauphin,MB,51.14940,-100.05020
R8A,Flin Flon,MB,54.76820,-101.86500
R8N,Thompson,MB,55.74350,-97.85580
R9A,The Pas,MB,53.70400,-101.29330
S0A,Yorkton Region,SK,51.48180,-102.90650
S0C,Southeastern Saskatchewan,SK,49.39610,-103.25670
S0E,Eastern Saskatchewan,SK,53.13630,-103.09990
S0G,South Central Saskatchewan,SK,50.57670,-104.10000
S0H,Southern Saskatchewan,SK,49.98410,-106.24900
S0J,Northern Saskatchewan,SK,57.19920,-105.82420
S0K,Central Saskatchewan,SK,52.30030,-107.99070
S0L,Western Saskatchewan,SK,51.48270,-108.48980
S0M,Northwestern Saskatchewan,SK,54.92350,-108.95720
S0N,Southwestern Saskatchewan,SK,49.91160,-108.72360
S0P,Northeastern Saskatchewan,SK,55.01620,-102.74150
S2V,Buena Vista,SK,50.78340,-104.95110
S3N,Yorkton,SK,51.21670,-102.46770
S4A,Estevan,SK,49.13340,-102.98420
S4H,Weyburn,SK,49.66680,-103.85110
S4K,Rm Of Sherwood,SK,50.45010,-104.61780
S4L,Regina,SK,50.41320,-104.27330
S4M,Regina,SK,50.45010,-104.61780
S4N,Regina,SK,50.46710,-104.54100
S4P,Regina,SK,50.41900,-104.67740
S4R,Regina,SK,50.48550,-104.61630
S4S,Regina,SK,50.41530,-104.61030
S4T,Regina,SK,50.45070,-104.66500
S4V,Regina,SK,50.42510,-104.53890
S4W,Regina,SK,50.40780,-104.65360
S4X,Regina,SK,50.50610,-104.67520
S4Y,Regina,SK,50.47680,-104.69860
S4Z,Regina,SK,50.44970,-104.53230
S6H,Moose Jaw,SK,50.38950,-105.55780
S6J,Moose Jaw,SK,50.41850,-105.53930
S6K,Moose Jaw,SK,50.45400,-105.64180
S6V,Prince Albert,SK,54.49300,-104.30490
S6W,Prince Albert,SK,53.17850,-105.77410
S6X,Prince Albert,SK,53.19360,-105.70250
S7H,Saskatoon,SK,52.11680,-106.63450
S7J,Saskatoon,SK,52.09610,-106.62520
S7K,Saskatoon,SK,52.01110,-106.79550
S7L,Saskatoon,SK,52.15640,-106.68730
S7M,Saskatoon,SK,52.11330,-106.72350
S7N,Saskatoon,SK,52.14040,-106.60800
S7P,Saskatoon,SK,52.27510,-106.50050
S7R,Saskatoon,SK,52.15880,-106.71630
S7S,Saskatoon,SK,52.16090,-106.58640
S7T,Saskatoon,SK,52.04030,-106.65950
S7V,Saskatoon,SK,52.09760,-106.55530
S7W,Saskatoon,SK,52.15700,-106.56140
S9A,North Battleford,SK,52.78340,-108.28470
S9H,Swift Current,SK,50.28340,-107.80130
S9V,Lloydminster,SK,53.28350,-110.00160
S9X,Meadow Lake,SK,54.13350,-108.43470
T0A,Eastern Alberta,AB,54.76600,-111.71740
T0B,Wainwright Region,AB,53.07270,-111.58160
T0C,Central Alberta,AB,52.14310,-111.69410
T0E,Western Alberta,AB,53.67580,-115.09480
T0G,North Central Alberta,AB,55.69930,-114.45290
T0H,Northwestern Alberta,AB,57.54030,-116.91530
T0J,Southeastern Alberta,AB,50.99440,-111.46320
T0K,International Border Region,AB,49.47210,-112.24080
T0L,Kananaskis Country,AB,50.63140,-114.40890
T0M,Central Foothills,AB,51.95520,-114.86910
T0P,Northeastern Alberta,AB,58.26260,-110.74670
T0V,Remote Northeast,AB,59.90490,-111.67170
T1A,Medicine Hat,AB,50.08160,-110.57880
T1B,Medicine Hat,AB,49.83500,-110.52030
T1C,Medicine Hat,AB,50.07740,-110.69110
T1G,Taber,AB,49.78700,-112.14600
T1H,Lethbridge,AB,49.70000,-112.81860
T1J,Lethbridge,AB,49.65810,-112.74840
T1K,Lethbridge,AB,49.65110,-112.83510
T1L,Banff,AB,51.17620,-115.56980
T1M,Coaldale,AB,49.71670,-112.61850
T1P,Strathmore,AB,51.05010,-113.38520
T1R,Brooks,AB,50.58340,-111.88510
T1S,Okotoks,AB,50.73620,-113.96950
T1V,High River,AB,50.58340,-113.86870
T1W,Canmore,AB,51.08760,-115.34610
T1X,Chestermere,AB,51.03340,-113.81870
T1Y,Calgary,AB,51.08230,-113.95780
T1Z,Rocky View,AB,51.18340,-113.93530
T2A,Calgary,AB,51.04940,-113.95640
T2B,Calgary,AB,51.02090,-113.98100
T2C,Calgary,AB,50.98700,-113.96340
T2E,Calgary,AB,51.08760,-114.02140
T2G,Calgary,AB,51.02720,-114.03490
T2H,Calgary,AB,50.98940,-114.05200
T2J,Calgary,AB,50.84760,-114.19580
T2K,Calgary,AB,51.11110,-114.04770
T2L,Calgary,AB,51.10470,-114.11480
T2M,Calgary,AB,51.13300,-113.85600
T2N,Calgary,AB,51.06210,-114.11590
T2P,Calgary,AB,51.07080,-113.69310
T2R,Calgary,AB,51.04120,-114.07620
T2S,Calgary,AB,51.02330,-114.07100
T2T,Calgary,AB,51.02420,-114.10040
T2V,Calgary,AB,50.98190,-114.10040
T2W,Calgary,AB,50.95140,-114.35910
T2X,Calgary,AB,50.88370,-114.03260
T2Y,Calgary,AB,50.90930,-114.10280
T2Z,Calgary,AB,50.92780,-113.96820
T3A,Calgary,AB,51.12640,-114.14190
T3B,Calgary,AB,51.09150,-114.20730
T3C,Calgary,AB,51.04970,-114.13940
T3E,Calgary,AB,50.98990,-114.15740
T3G,Calgary,AB,51.13870,-114.20150
T3H,Calgary,AB,51.04190,-114.20000
T3J,Calgary,AB,51.11880,-113.94710
T3K,Calgary,AB,51.15630,-114.05720
T3L,Calgary,AB,51.14670,-114.31330
T3M,Calgary,AB,50.87960,-113.95550
T3N,Calgary,AB,51.16260,-113.95370
T3P,Calgary,AB,51.20740,-114.13480
T3R,Calgary,AB,51.20210,-114.24530
T3S,Calgary,AB,50.91530,-113.89320
T3Z,Redwood Meadows,AB,51.06910,-114.47270
T4A,Airdrie,AB,51.27990,-113.98800
T4B,Airdrie,AB,51.30820,-114.03980
T4C,Cochrane,AB,51.18340,-114.46870
T4E,Red Deer,AB,52.27650,-113.70630
T4G,Innisfail,AB,52.02690,-113.95070
T4H,Olds,AB,51.78340,-114.10200
T4J,Ponoka,AB,52.67680,-113.58150
T4L,Lacombe,AB,52.46680,-113.73530
T4M,Blackfalds,AB,52.38340,-113.78530
T4N,Red Deer,AB,52.23160,-113.83580
T4P,Red Deer,AB,52.29540,-113.80730
T4R,Red Deer,AB,52.24240,-113.77840
T4S,Sylvan Lake,AB,52.31680,-114.08530
T4T,Rocky Mountain House,AB,52.36680,-114.91880
T4V,Camrose,AB,53.01680,-112.83530
T4X,Beaumont,AB,53.35010,-113.41870
T5A,Edmonton,AB,53.59310,-113.40770
T5B,Edmonton,AB,53.73530,-113.33690
T5C,Edmonton,AB,53.59960,-113.45490
T5E,Edmonton,AB,53.74540,-113.44650
T5G,Edmonton,AB,53.57050,-113.50510
T5H,Edmonton,AB,53.55140,-113.49160
T5J,Edmonton,AB,53.54280,-113.49740
T5K,Edmonton,AB,53.53660,-113.51030
T5L,Edmonton,AB,53.58500,-113.55260
T5M,Edmonton,AB,53.56300,-113.56620
T5N,Edmonton,AB,53.54360,-113.55740
T5P,Edmonton,AB,53.54630,-113.59570
T5R,Edmonton,AB,53.51810,-113.57970
T5S,Edmonton,AB,53.56340,-113.66970
T5T,Edmonton,AB,53.51850,-113.65790
T5V,Edmonton,AB,53.58480,-113.62240
T5W,Edmonton,AB,53.56450,-113.40220
T5X,Edmonton,AB,53.63130,-113.52450
T5Y,Edmonton,AB,53.65850,-113.36140
T5Z,Edmonton,AB,53.63650,-113.46730
T6A,Edmonton,AB,53.54820,-113.43180
T6B,Edmonton,AB,53.51280,-113.41940
T6C,Edmonton,AB,53.52200,-113.45900
T6E,Edmonton,AB,53.49140,-113.48020
T6G,Edmonton,AB,53.52100,-113.53240
T6H,Edmonton,AB,53.37530,-113.45850
T6J,Edmonton,AB,53.45640,-113.52100
T6K,Edmonton,AB,53.46090,-113.45190
T6L,Edmonton,AB,53.45930,-113.41450
T6M,Edmonton,AB,53.45930,-113.65460
T6N,Edmonton,AB,53.46500,-113.47760
T6P,Edmonton,AB,53.50780,-113.37230
T6R,Edmonton,AB,53.45670,-113.58010
T6S,Edmonton,AB,53.58060,-113.33740
T6T,Edmonton,AB,53.46170,-113.37100
T6V,Edmonton,AB,53.61120,-113.57460
T6W,Edmonton,AB,53.41790,-113.57850
T6X,Edmonton,AB,53.41540,-113.41780
T7A,Drayton Valley,AB,53.21680,-114.98540
T7E,Edson,AB,53.58340,-116.43560
T7N,Barrhead,AB,54.13340,-114.40210
T7P,Westlock,AB,54.15020,-113.86880
T7S,Whitecourt,AB,54.15010,-115.68550
T7V,Hinton,AB,53.40010,-117.58570
T7X,Spruce Grove,AB,53.53340,-113.91870
T7Y,Spruce Grove,AB,53.41840,-113.80970
T7Z,Stony Plain,AB,53.53340,-114.00210
T8A,Sherwood Park,AB,53.52800,-113.25120
T8B,Sherwood Park,AB,53.43970,-113.29520
T8C,Sherwood Park,AB,53.43910,-113.19030
T8E,Sherwood Park,AB,53.52250,-113.10220
T8G,Sherwood Park,AB,53.50520,-112.95290
T8H,Sherwood Park,AB,53.55600,-113.29520
T8L,Fort Saskatchewan,AB,53.71680,-113.21870
T8N,St. Albert,AB,53.63340,-113.63530
T8R,Morinville,AB,53.80010,-113.65200
T8S,Peace River,AB,56.25010,-117.28600
T8T,St. Albert,AB,53.68670,-113.71020
T8V,Grande Prairie,AB,55.18080,-118.91030
T8W,Grande Prairie,AB,55.13030,-118.79460
T8X,Grande Prairie,AB,55.18340,-118.74570
T9A,Wetaskiwin,AB,52.96680,-113.36870
T9C,Vegreville,AB,53.50010,-112.05180
T9E,Leduc,AB,53.26680,-113.55200
T9G,Devon,AB,53.36680,-113.73530
T9H,Fort McMurray,AB,56.66400,-111.13570
T9J,Fort McMurray,AB,56.70700,-111.37710
T9K,Fort McMurray,AB,56.75380,-111.43500
T9M,Cold Lake,AB,54.45020,-110.20170
T9N,Bonnyville,AB,54.26680,-110.73510
T9S,Athabasca,AB,54.71690,-113.28540
T9V,Lloydminster,AB,53.27170,-110.08530
T9W,Wainwright,AB,52.83900,-110.85720
T9X,Vermilion,AB,53.36690,-110.85170
V0A,Upper Columbia Region,BC,51.29940,-116.93900
V0B,East Kootenays,BC,49.67750,-115.56360
V0C,Northern British Columbia,BC,58.38740,-125.71670
V0E,Central Okanagan and High Country,BC,51.50500,-119.20340
V0G,West Kootenays,BC,50.05300,-117.42910
V0H,South Okanagan,BC,49.40890,-119.00540
V0J,Omineca and Yellowhead,BC,55.99640,-126.85740
V0K,Cariboo and West Okanagan,BC,51.43670,-121.63840
V0L,Chilcotin,BC,52.09930,-123.65260
V0M,Harrison Lake Region,BC,49.63460,-122.03800
V0N,"North Island, Sunshine Coast, and Southern Gulf Islands",BC,51.29440,-126.07450
V0P,North Central Island and Bute Inlet Region,BC,49.88660,-126.26730
V0R,Central Island,BC,49.02700,-124.84610
V0S,Juan de Fuca Shore,BC,48.54320,-123.67200
V0T,Inside Passage and the Queen Charlottes,BC,52.23380,-126.21340
V0V,Lower Skeena,BC,53.97250,-129.89860
V0W,Atlin Region,BC,59.63780,-133.54330
V0X,Similkameen,BC,49.36880,-120.65690
V1A,Kimberley,BC,49.68320,-115.98550
V1B,Vernon,BC,50.08400,-118.93800
V1C,Cranbrook,BC,49.49990,-115.76880
V1E,Salmon Arm,BC,50.69980,-119.26910
V1G,Dawson Creek,BC,55.76660,-120.23620
V1H,Vernon,BC,50.28680,-119.49750
V1J,Fort St. John,BC,56.24990,-120.85290
V1K,Merritt,BC,50.11220,-120.79420
V1L,Nelson,BC,49.49990,-117.28550
V1M,Langley Township North,BC,49.16610,-122.57920
V1N,Castlegar,BC,49.29980,-117.66890
V1P,Kelowna,BC,49.89590,-119.17240
V1R,Trail,BC,49.09980,-117.70220
V1S,Kamloops Southwest,BC,50.55830,-120.54770
V1T,Vernon,BC,50.26040,-119.27740
V1V,Kelowna,BC,49.94970,-119.43390
V1W,Kelowna,BC,49.81200,-119.50760
V1X,Kelowna,BC,50.05280,-119.28580
V1Y,Kelowna,BC,49.89280,-119.48520
V1Z,Kelowna,BC,49.86250,-119.58330
V2A,Penticton,BC,49.48060,-119.58580
V2B,Kamloops,BC,50.88690,-120.73570
V2C,Kamloops,BC,50.54370,-120.09370
V2E,Kamloops,BC,50.67360,-120.42120
V2G,Williams Lake,BC,52.14150,-122.14450
V2H,Kamloops,BC,50.72620,-120.16590
V2J,Quesnel,BC,52.97840,-122.49310
V2K,Prince George,BC,54.05080,-122.92210
V2L,Prince George,BC,53.90780,-122.74730
V2M,Prince George,BC,53.91270,-122.87080
V2N,Prince George,BC,53.64080,-122.95400
V2P,Chilliwack,BC,49.18380,-121.90460
V2R,Chilliwack,BC,49.07600,-121.98830
V2S,Abbotsford,BC,49.04230,-122.28350
V2T,Abbotsford,BC,49.03840,-122.34850
V2V,Mission East,BC,49.64630,-122.50470
V2W,Maple Ridge,BC,49.20680,-122.48510
V2X,Maple Ridge,BC,49.21960,-122.61640
V2Y,Langley Township,BC,49.12850,-122.62360
V2Z,Langley Township,BC,49.04830,-122.59970
V3A,Langley City,BC,49.09970,-122.65260
V3B,Port Coquitlam,BC,49.27400,-122.76490
V3C,Port Coquitlam,BC,49.24360,-122.78650
V3E,Port Coquitlam,BC,49.31670,-122.73840
V3G,Abbotsford East,BC,49.07540,-122.17800
V3H,Port Moody,BC,49.32310,-122.86260
V3J,Coquitlam,BC,49.26500,-122.87160
V3K,Coquitlam,BC,49.23660,-122.85210
V3L,New Westminster,BC,49.22010,-122.89980
V3M,New Westminster,BC,49.18860,-122.93840
V3N,Burnaby,BC,49.22750,-122.93010
V3R,Surrey,BC,49.19480,-122.81310
V3S,Surrey,BC,49.07910,-122.75530
V3T,Surrey,BC,49.18940,-122.84540
V3V,Surrey,BC,49.18890,-122.87300
V3W,Surrey,BC,49.14100,-122.85690
V3X,Surrey,BC,49.10670,-122.85760
V3Y,Pitt Meadows,BC,49.22120,-122.68960
V3Z,Surrey,BC,49.10640,-122.82510
V4A,Surrey,BC,49.03740,-122.82990
V4B,White Rock,BC,49.02590,-122.80580
V4C,Delta,BC,49.15510,-122.91240
V4E,Delta,BC,49.11970,-122.90560
V4G,Delta,BC,49.14640,-123.01370
V4K,Delta,BC,49.09860,-123.03180
V4L,Delta,BC,49.04180,-123.05910
V4M,Delta,BC,49.03310,-123.08770
V4N,Surrey,BC,49.17070,-122.73260
V4P,Surrey,BC,49.05610,-122.83020
V4R,Maple Ridge Northwest,BC,49.29030,-122.51690
V4S,Mission West,BC,49.25280,-122.35740
V4T,Westbank,BC,49.86600,-119.73870
V4V,Winfield,BC,50.02210,-119.40540
V4W,Langley Township East,BC,49.07130,-122.49770
V4X,Abbotsford West,BC,49.08610,-122.40260
V4Z,Chilliwack East,BC,49.07870,-121.60980
V5A,Burnaby,BC,49.26400,-122.93690
V5B,Burnaby,BC,49.27690,-122.97610
V5C,Burnaby,BC,49.27400,-123.00740
V5E,Burnaby,BC,49.22720,-122.95740
V5G,Burnaby,BC,49.24780,-122.99380
V5H,Burnaby,BC,49.23020,-122.99520
V5J,Burnaby,BC,49.20380,-122.99210
V5K,Vancouver,BC,49.28070,-123.03970
V5L,Vancouver,BC,49.27950,-123.06670
V5M,Vancouver,BC,49.26000,-123.03980
V5N,Vancouver,BC,49.25510,-123.06670
V5P,Vancouver,BC,49.22200,-123.06830
V5R,Vancouver,BC,49.23970,-123.04070
V5S,Vancouver,BC,49.21750,-123.03800
V5T,Vancouver,BC,49.26200,-123.09230
V5V,Vancouver,BC,49.24800,-123.09130
V5W,Vancouver,BC,49.23270,-123.09170
V5X,Vancouver,BC,49.21560,-123.09790
V5Y,Vancouver,BC,49.24920,-123.11040
V5Z,Vancouver,BC,49.24750,-123.12100
V6A,Vancouver,BC,49.27790,-123.09080
V6B,Vancouver,BC,49.27880,-123.11390
V6C,Vancouver,BC,49.28660,-123.11580
V6E,Vancouver,BC,49.28330,-123.12980
V6G,Vancouver,BC,49.29900,-123.14080
V6H,Vancouver,BC,49.25590,-123.13220
V6J,Vancouver,BC,49.26030,-123.14600
V6K,Vancouver,BC,49.26460,-123.16480
V6L,Vancouver,BC,49.24970,-123.16600
V6M,Vancouver,BC,49.23440,-123.14510
V6N,Vancouver,BC,49.23020,-123.18900
V6P,Vancouver,BC,49.21510,-123.13960
V6R,Vancouver,BC,49.26660,-123.19760
V6S,Vancouver,BC,49.24910,-123.20880
V6T,Vancouver,BC,49.46350,-122.82200
V6V,Richmond,BC,49.18530,-123.03860
V6W,Richmond,BC,49.15340,-123.04800
V6X,Richmond,BC,49.18360,-123.11680
V6Y,Richmond,BC,49.17000,-123.13680
V6Z,Vancouver,BC,49.27670,-123.13000
V7A,Richmond,BC,49.12050,-123.11710
V7B,Richmond,BC,49.19880,-123.17990
V7C,Richmond,BC,49.16260,-123.17210
V7E,Richmond,BC,49.13230,-123.17050
V7G,Vancouver,BC,49.36780,-122.92780
V7H,Vancouver,BC,49.35510,-122.98020
V7J,Vancouver,BC,49.36220,-123.01780
V7K,Vancouver,BC,49.35970,-123.03770
V7L,Vancouver,BC,49.31600,-123.05760
V7M,Vancouver,BC,49.32220,-123.08340
V7N,Vancouver,BC,49.35000,-123.06790
V7P,Vancouver,BC,49.32200,-123.11490
V7R,Vancouver,BC,49.37750,-123.08620
V7S,Vancouver,BC,49.37450,-123.18640
V7T,Vancouver,BC,49.33220,-123.14170
V7V,Vancouver,BC,49.33970,-123.19120
V7W,Vancouver,BC,49.36150,-123.26270
V7X,Vancouver,BC,49.29350,-123.11620
V7Y,Vancouver,BC,49.28190,-123.11900
V8A,Powell River,BC,50.01630,-124.32260
V8B,Squamish,BC,49.70020,-123.15600
V8C,Kitimat,BC,54.05240,-128.65340
V8E,Whistler,BC,50.11820,-122.95400
V8G,Terrace,BC,54.51630,-128.60350
V8J,Prince Rupert,BC,54.31610,-130.32010
V8K,Saltspring Island,BC,48.81380,-123.49730
V8L,Sidney,BC,48.64960,-123.40260
V8M,Central Saanich,BC,48.56630,-123.41930
V8N,Saanich,BC,48.47650,-123.31450
V8P,Saanich,BC,48.45830,-123.33250
V8R,Oak Bay,BC,48.44960,-123.30260
V8S,Oak Bay,BC,48.42000,-123.30470
V8T,Victoria,BC,48.43920,-123.35660
V8V,Victoria,BC,48.41670,-123.36500
V8W,Victoria,BC,48.42670,-123.36550
V8X,Saanich,BC,48.47770,-123.36580
V8Y,Saanich,BC,48.52470,-123.37450
V8Z,Saanich,BC,48.49930,-123.40030
V9A,Esquimalt,BC,48.44960,-123.41930
V9B,Highlands,BC,48.47930,-123.52710
V9C,Metchosin,BC,48.38290,-123.53590
V9E,Saanich West,BC,48.52190,-123.45300
V9G,Ladysmith,BC,48.98290,-123.81940
V9H,Campbell River,BC,49.90880,-125.58620
V9J,Courtenay,BC,49.72420,-125.26040
V9K,Qualicum Beach,BC,49.34680,-124.43610
V9L,Duncan,BC,48.78290,-123.70270
V9M,Comox,BC,49.68290,-124.93610
V9N,Courtenay,BC,49.65850,-124.98350
V9P,Parksville,BC,49.31630,-124.31940
V9R,Nanaimo,BC,49.16090,-123.98250
V9S,Nanaimo,BC,49.18860,-123.96300
V9T,Nanaimo,BC,49.21460,-124.02000
V9V,Nanaimo,BC,49.23910,-124.02270
V9W,Campbell River,BC,50.07690,-125.59090
V9X,Cedar,BC,49.04190,-123.97900
V9Y,Port Alberni,BC,49.24130,-124.80280
V9Z,Sooke,BC,48.37460,-123.72760
X0A,Outer Nunavut,NU,79.62180,-76.77650
X0B,Central Nunavut,NU,70.90720,-106.96040
X0C,Inner Nunavut,NU,64.16470,-94.77240
X0E,Central Northwest Territories,NT,66.87140,-120.22500
X0G,Southwestern Northwest Territories,NT,60.25630,-123.38260
X1A,Yellowknife,NT,62.45600,-114.35250
Y0A,Southeastern Yukon,YT,61.57930,-131.14810
Y0B,Central Yukon,YT,64.64500,-137.53600
Y1A,Whitehorse,YT,60.71610,-135.05370
