zip,city,state,country,latitude,longitude
10010,Watala,PK,PK,32.90230,74.29620
10012,Moil,PK,PK,32.84030,74.34850
10020,Barnala,PK,PK,32.87070,74.24660
10040,Bhimber,PK,PK,32.97465,74.07846
10042,Dheri Wattan,PK,PK,32.99200,73.99180
10044,Barsali,PK,PK,32.92670,74.09440
10070,Barjah,PK,PK,33.16170,73.99560
10080,Chowki,PK,PK,33.92140,74.17280
10090,Bindi,PK,PK,33.12560,74.04470
10200,Mangla,PK,PK,31.89306,72.38167
10300,Siakh,PK,PK,33.26090,73.67230
10310,Khadimabad,PK,PK,33.30680,73.63600
10350,Chechian,PK,PK,33.21550,73.74350
10370,Banni,PK,PK,33.85820,73.73190
10382,Kalri,PK,PK,33.06610,73.89950
10400,Panjeri,PK,PK,33.02290,73.91540
10450,Potha Bainsi,PK,PK,33.13360,73.85320
10480,Jatti Dheri,PK,PK,33.18040,73.87670
10500,Chak,PK,PK,27.85838,68.83378
10510,Pind Kalan,PK,PK,33.27600,73.76160
10520,Palak,PK,PK,33.32890,73.76670
10534,Behari,PK,PK,34.74570,73.63300
10540,Ratta,PK,PK,34.76800,74.28060
10544,Thara,PK,PK,34.23430,73.83040
11010,Sehnsa,PK,PK,33.51366,73.75479
11014,Potha,PK,PK,33.53330,73.69570
11030,Gulpur,PK,PK,33.43550,73.85650
11032,Baratla,PK,PK,33.34410,73.90840
11040,Nar,PK,PK,33.39470,73.82970
11100,Kotli,PK,PK,33.51836,73.90220
11110,Sarsawa,PK,PK,33.56300,73.84800
11120,Panjera,PK,PK,33.57470,73.82690
11160,Tatta Pani,PK,PK,33.60770,73.94990
11180,Mohra Sharif Kotli,PK,PK,33.51620,74.12540
11210,Seri,PK,PK,33.42480,73.92030
11250,Charhoi,PK,PK,33.30185,73.95484
11260,Kala Dab,PK,PK,33.23740,73.90780
12014,Tahlian,PK,PK,33.61670,73.77570
12030,Baral,PK,PK,33.64430,73.68890
12034,Panthal,PK,PK,33.61380,73.72750
12040,Chachan,PK,PK,32.97090,73.97710
12070,Nalian,PK,PK,33.68240,73.75130
12080,Tarar Khel,PK,PK,33.68110,73.76390
12120,Baloch,PK,PK,33.64550,73.81580
12170,Maindla,PK,PK,33.73030,73.95450
12180,Mandhole,PK,PK,33.67600,73.95070
12220,Khurshidabad,PK,PK,30.64750,72.34490
12252,Ali Sojal,PK,PK,33.85690,73.84310
12270,Hussain Kot,PK,PK,30.23930,73.67170
12300,Mang,PK,PK,33.79870,73.63240
12310,Thorar,PK,PK,33.84740,73.63980
12330,Lunjgran,PK,PK,33.83140,73.69770
12380,Chak,PK,PK,27.85838,68.83378
12390,Sanghola,PK,PK,33.88810,73.78830
12400,Mohri Farman Shah,PK,PK,33.91320,73.72730
12410,Hurnamaira,PK,PK,33.87700,73.70210
12420,Paniola,PK,PK,33.92080,73.68800
12440,Datoot,PK,PK,33.48440,74.12750
12460,Arja,PK,PK,33.97590,73.65540
12500,Bagh,PK,PK,33.98111,73.77608
12510,Birpani,PK,PK,34.05180,73.75230
12520,Kharal Abbasian,PK,PK,33.98710,73.84320
12560,Barikot,PK,PK,34.67770,72.22300
12570,Dhulli,PK,PK,32.86270,72.19430
12600,Dhirkot,PK,PK,34.03917,73.57694
12610,Rangla,PK,PK,32.06130,74.49480
12620,Chirala,PK,PK,33.97160,73.57410
13100,Muzaffarabad,PK,PK,34.37002,73.47082
13170,Chikar,PK,PK,34.44290,73.57520
13180,Hattian Bala,PK,PK,34.17040,73.73379
13190,Chenari,PK,PK,34.15970,73.81560
13200,Kahuri,PK,PK,34.56880,73.83070
13220,Karnah,PK,PK,34.41240,73.43130
13224,Jura,PK,PK,34.48840,73.83100
13232,Sharda,PK,PK,34.79320,74.19200
13234,Kel,PK,PK,34.82540,74.35340
13240,Chakothi,PK,PK,34.11500,73.88350
14150,Jaglot,PK,PK,35.68842,74.62412
14200,Bunji,PK,PK,35.64770,74.63050
14400,Chilam,PK,PK,35.03220,75.10490
15100,Gilgit,PK,PK,35.91869,74.31245
15150,Jutial,PK,PK,35.90580,74.35310
15160,Singal,PK,PK,36.11160,73.89520
15300,Gupis,PK,PK,36.22810,73.44720
15310,Yasin,PK,PK,36.37290,73.33360
15350,Teru,PK,PK,36.18030,72.75880
15400,Sikandarabad,PK,PK,36.24260,74.37520
15500,Chalt,PK,PK,36.25170,74.32270
15550,Nasirabad,PK,PK,27.38137,67.91644
15600,Aliabad,PK,PK,36.31540,74.65270
15650,Nagar,PK,PK,36.27540,74.71960
15700,Karimabad,PK,PK,36.32692,74.66141
15750,Gulmit,PK,PK,36.38760,74.86450
15900,Misgar,PK,PK,36.61270,74.86370
16100,Skardu,PK,PK,35.29787,75.63372
16110,Astana,PK,PK,35.28230,75.60870
16150,Kachura,PK,PK,35.44060,75.44800
16200,Skardu,PK,PK,35.29787,75.63372
16250,Hussainabad,PK,PK,34.75910,75.71860
16300,Shigar,PK,PK,35.42380,75.73910
16310,Gulabpur,PK,PK,32.49030,73.13950
16350,Sermik,PK,PK,35.20060,75.80900
16400,Mehdiabad,PK,PK,35.68490,75.01980
16450,Tolti,PK,PK,35.02820,76.09210
16500,Baghicha,PK,PK,34.90190,76.19810
16700,Kiris,PK,PK,35.23050,75.94400
16800,Khaplu,PK,PK,35.16220,76.33380
16900,Thagas,PK,PK,35.21440,76.46300
16920,Goma,PK,PK,35.14560,76.79600
17010,Brep,PK,PK,35.92680,71.52650
17100,Kosht,PK,PK,36.24200,72.15930
17110,Reshun,PK,PK,36.15710,72.10400
17130,Garam Chashma,PK,PK,35.99300,71.55940
17200,Chitral,PK,PK,35.85180,71.78636
17210,Ayun,PK,PK,35.72540,71.77280
17220,Drosh,PK,PK,35.56040,71.79600
17230,Broz,PK,PK,35.39410,71.67810
17240,Nagar,PK,PK,34.03600,72.94900
17250,Aranda,PK,PK,34.22430,71.53620
17290,Daggar,PK,PK,33.19700,71.14240
18000,Dir,PK,PK,35.20740,71.87680
18100,Barawal Bandi,PK,PK,35.09050,71.76360
18150,Darora,PK,PK,35.10250,71.98810
18300,Timargara,PK,PK,34.82660,71.84420
18500,Munda,PK,PK,34.82370,71.68560
18600,Samar Bagh,PK,PK,34.05010,71.60510
18650,Khar,PK,PK,34.73610,71.52739
18760,Pir Khel,PK,PK,34.57980,71.80800
18800,Chakdara,PK,PK,34.66160,72.03240
19010,Bahrain,PK,PK,35.20930,72.54850
19020,Madyan,PK,PK,35.14100,72.53820
19030,Fatehpur,PK,PK,31.17772,71.20480
19040,Matta,PK,PK,34.92920,72.41460
19044,Chuprial,PK,PK,34.98110,72.36320
19060,Kabal,PK,PK,34.79070,72.28240
19080,Kana,PK,PK,34.93330,72.96070
19100,Alpurai,PK,PK,34.90290,72.64430
19120,Charbagh,PK,PK,34.50070,73.02800
19130,Mangora,PK,PK,33.87530,73.97600
19140,Aman Kot,PK,PK,34.26240,72.43720
19150,Aloch,PK,PK,34.73910,72.68420
19210,Rahim Abad,PK,PK,28.43360,67.91580
19240,Barikot,PK,PK,34.77340,71.90480
19260,Jewar,PK,PK,34.47510,72.93110
20100,Dassu,PK,PK,35.72000,75.52080
20200,Pattan,PK,PK,34.68660,73.48480
20300,Ranolia,PK,PK,35.04920,72.89060
20500,Besham,PK,PK,34.92940,72.87910
21020,Muslim Abad,PK,PK,34.40020,71.90180
21030,Thakot,PK,PK,34.75000,72.91670
21032,Banna,PK,PK,34.83070,73.06480
21036,Rashang,PK,PK,34.81980,73.11960
21040,Battagram,PK,PK,34.67719,73.02329
21062,Chohan,PK,PK,34.59620,73.06200
21090,Battal,PK,PK,34.58790,73.14780
21100,Haji Abad,PK,PK,34.73910,71.47300
21110,Baffa,PK,PK,34.43770,73.22368
21130,Dhudial (Mansehra),PK,PK,34.43520,73.25610
21140,Shinkiari,PK,PK,34.47110,73.27070
21160,Dadar,PK,PK,34.55230,73.25900
21170,Jabori,PK,PK,34.60480,73.25920
21200,Naran,PK,PK,34.90530,73.64860
21210,Kaghan,PK,PK,34.77680,73.52530
21230,Balakot,PK,PK,34.55440,73.34790
21270,Chakia,PK,PK,34.31330,73.24760
21300,Mansehra,PK,PK,34.33023,73.19679
21304,Chitta Batta,PK,PK,34.36600,73.26140
21310,Mansehra,PK,PK,34.33023,73.19679
21350,Khaki,PK,PK,34.40810,73.12810
21360,Muradpur,PK,PK,34.43890,73.13570
21380,Phulra,PK,PK,34.33520,73.05560
21390,Lassan Nawab,PK,PK,34.34860,73.07230
21400,Oghi,PK,PK,34.49847,73.01399
21440,Belian,PK,PK,34.52860,72.97650
21460,Darband,PK,PK,34.32890,72.86670
22010,Abbottabad,PK,PK,34.14630,73.21168
22030,Abbottabad,PK,PK,34.14630,73.21168
22044,Mandian,PK,PK,34.34910,73.23130
22050,Jhangi,PK,PK,34.19540,73.22670
22070,Kakul,PK,PK,34.20360,73.28270
22080,Nawan Shahr,PK,PK,34.16480,73.26550
22100,Kuthiala,PK,PK,34.28340,73.43080
22120,Sherwan,PK,PK,34.20380,73.06990
22180,Boi,PK,PK,34.30540,73.43350
22190,Dalola,PK,PK,34.35790,73.39900
22200,Dhamtaur,PK,PK,34.13520,73.27510
22210,Bagnotar,PK,PK,34.12580,73.34100
22230,Biran Gali,PK,PK,34.18140,73.36200
22250,Namli Maira,PK,PK,34.09800,73.37680
22260,Nagri Bala,PK,PK,34.04760,73.33690
22280,Nathia Gali,PK,PK,34.06880,73.39670
22290,Bagan,PK,PK,34.02770,73.34050
22300,Dunga Gali,PK,PK,34.05470,73.41210
22310,Ayubia,PK,PK,34.02870,73.40740
22320,Changla Gali,PK,PK,33.99560,73.37670
22330,Khaira Gali,PK,PK,33.98200,73.39970
22360,Lora,PK,PK,33.89010,73.28300
22500,Havelian,PK,PK,34.05348,73.15993
22520,Havelian,PK,PK,34.05348,73.15993
22530,Rajoya,PK,PK,34.07790,73.22630
22540,Chando Maira,PK,PK,34.00690,73.20640
22550,Nara,PK,PK,34.36800,72.91180
22560,Maira Bala,PK,PK,34.31420,72.92910
22570,Satura,PK,PK,33.95670,73.24300
22580,Halli,PK,PK,35.46240,73.12580
22584,Baldher,PK,PK,34.00520,73.09010
22590,Sarai Saleh,PK,PK,33.98780,72.98260
22600,Rehana,PK,PK,33.94520,73.02550
22620,Haripur,PK,PK,33.99783,72.93493
22630,Haripur,PK,PK,33.99783,72.93493
22640,Haripur,PK,PK,33.99783,72.93493
22650,Khanpur,PK,PK,28.64739,70.65694
22652,Baghpur Dheri,PK,PK,33.80400,73.06440
22660,Kot Najibullah,PK,PK,33.93390,72.85220
22690,Panian,PK,PK,33.97310,72.85110
22720,Sarai Niamat Khan,PK,PK,34.08340,73.03650
22730,Chamhad,PK,PK,34.11430,73.07500
22750,Kakotri,PK,PK,34.12430,73.01160
22760,Jarral,PK,PK,34.14880,73.04670
22770,Bir,PK,PK,34.16220,72.95630
22800,Khalabat,PK,PK,34.05997,72.88963
22810,Kalangar,PK,PK,34.11420,71.92570
22840,Sirikot,PK,PK,34.04280,72.77390
22860,Ghazi,PK,PK,34.01860,72.65770
23000,Thana,PK,PK,34.63830,72.07340
23030,Totakan,PK,PK,34.61780,71.82550
23050,Malakand,PK,PK,34.56560,71.93040
23060,Dargai,PK,PK,34.50630,71.90330
23100,Sher Garh,PK,PK,34.39340,71.89820
23120,Hathian,PK,PK,34.39340,71.91560
23140,Tazagram,PK,PK,34.45520,72.05820
23150,Jalala,PK,PK,34.33530,71.90240
23154,Umarabad,PK,PK,34.33270,71.95390
23164,Takkar,PK,PK,34.28830,71.89730
23166,Gharibabad,PK,PK,34.29320,71.87990
23170,Gujar Garhi,PK,PK,34.22880,72.01590
23200,Mardan,PK,PK,34.19794,72.04965
23210,Mardan,PK,PK,34.19794,72.04965
23220,Bakhshali,PK,PK,34.28360,72.15040
23230,Jamal Garhi,PK,PK,33.99230,71.60100
23240,Katlang,PK,PK,34.34440,72.06780
23260,Kohi Barmol,PK,PK,34.48790,72.11330
23270,Plai,PK,PK,34.40650,71.67890
23290,Mayar,PK,PK,34.16400,72.08430
23300,Toru,PK,PK,34.14450,72.09480
23310,Garhi Kapura,PK,PK,34.19860,72.16420
23320,Yar Hussain,PK,PK,34.17280,72.27280
23340,Dogai,PK,PK,34.84280,71.95530
23350,Gujrat,PK,PK,32.57420,74.07542
23370,Rustam,PK,PK,27.96705,68.80386
23380,Palo Dheri,PK,PK,34.17520,71.69770
23400,Ismaila,PK,PK,34.22150,72.24220
23410,Kalu Khan,PK,PK,34.21230,72.29620
23420,Nawan Killi,PK,PK,34.37800,71.58860
23424,Shewa,PK,PK,34.71750,72.05620
23430,Sawabi,PK,PK,34.13130,72.85700
23450,Maini,PK,PK,34.11760,72.60850
23460,Topi,PK,PK,34.07034,72.62147
23480,Gandaf,PK,PK,34.12090,72.68760
23500,Kotha,PK,PK,34.06780,72.58380
23510,Zarobi,PK,PK,34.03260,72.56530
23520,Kalabat,PK,PK,34.07440,72.55060
23530,Marghuz,PK,PK,34.06950,72.53240
23540,Zaida,PK,PK,34.05950,72.46690
23560,Khunda,PK,PK,34.05000,72.43080
23580,Jalsai,PK,PK,34.04730,72.33120
23600,Jalbai,PK,PK,34.01350,72.26560
23610,Tordher,PK,PK,33.99047,72.28630
23630,Panjpir,PK,PK,34.08840,72.48080
24030,Shaidu,PK,PK,33.97690,72.18170
24040,Akora Khattak,PK,PK,34.00337,72.12561
24044,Zara Miana,PK,PK,34.02150,72.07830
24060,Misri Banda,PK,PK,34.01340,72.12350
24130,Ziarat Kaka Sahib,PK,PK,33.92510,72.03570
24140,Manki Sharif,PK,PK,33.94120,71.97470
24182,Aza Khel Payan,PK,PK,33.98970,71.88310
24190,Aza Khel Bala,PK,PK,33.99610,71.85720
24210,Pabbi,PK,PK,34.00968,71.79445
24220,Pabbi,PK,PK,34.00968,71.79445
24240,Jallozai,PK,PK,33.91170,71.81820
24250,Spin Khak,PK,PK,33.86540,71.76740
24270,Saleh Khana,PK,PK,33.84360,71.87010
24280,Cherat,PK,PK,33.82340,71.89290
24300,Urmar Payan,PK,PK,33.96100,71.72960
24350,Chamkani,PK,PK,34.00660,71.64920
24360,Musa Zai,PK,PK,33.97290,71.60780
24370,Pakha Ghulam,PK,PK,34.03840,71.60850
24420,Charsadda,PK,PK,34.14822,71.74060
24470,Sheikhabad,PK,PK,34.00650,71.58660
24480,Rajjar,PK,PK,34.16940,71.75420
24500,Utmanzai,PK,PK,34.18775,71.76274
24502,Amirabad,PK,PK,34.22910,71.57400
24504,Mandori,PK,PK,32.93930,70.64560
24510,Umarzai,PK,PK,34.23720,71.72400
24520,Hari Chand,PK,PK,34.38490,71.80570
24530,Sherpao,PK,PK,34.26280,71.69750
24540,Tangi,PK,PK,34.30090,71.65238
24550,Abazai,PK,PK,34.31930,71.59260
24610,Amba Dher,PK,PK,34.18770,71.66090
24620,Kangra,PK,PK,34.20070,71.60310
24630,Shabqadar,PK,PK,34.21599,71.55480
24640,Matta Mughal Khel,PK,PK,34.27960,71.56600
24700,Nasir Bagh,PK,PK,34.04060,71.43260
24710,Regi,PK,PK,34.05030,71.46120
24720,Peshawar,PK,PK,34.00800,71.57849
24730,Jamrud,PK,PK,34.00152,71.38007
24740,Landi Kotal,PK,PK,34.09880,71.14110
24800,Bara Fort,PK,PK,33.90860,71.47210
24840,Badbher,PK,PK,33.92320,71.56080
24850,Mathani,PK,PK,29.17490,71.02520
25000,Peshawar,PK,PK,34.00800,71.57849
25110,Peshawar,PK,PK,34.00800,71.57849
25120,Peshawar,PK,PK,34.00800,71.57849
25140,Tehkal Bala,PK,PK,34.01150,71.50730
25150,Tehkal Payan,PK,PK,34.01240,71.52190
25160,Peshawar,PK,PK,34.00800,71.57849
25210,Peshawar,PK,PK,34.00800,71.57849
25220,Landi Arbab,PK,PK,33.98050,71.54900
25230,Sar Band,PK,PK,35.09380,72.57550
26000,Kohat,PK,PK,33.58196,71.44929
26010,Togh Bala,PK,PK,33.55520,71.50120
26014,Sher Kot,PK,PK,35.44650,73.28010
26020,Kohat,PK,PK,33.58196,71.44929
26030,Kohat,PK,PK,33.58196,71.44929
26050,Kohat,PK,PK,33.58196,71.44929
26054,Kohat,PK,PK,33.58196,71.44929
26060,Habib Abad,PK,PK,35.21400,72.54330
26064,Kohat,PK,PK,33.58196,71.44929
26070,Kohat,PK,PK,33.58196,71.44929
26080,Kohat,PK,PK,33.58196,71.44929
26090,Kohat,PK,PK,33.58196,71.44929
26120,Seni Gumbat,PK,PK,33.49400,71.67520
26160,Nasrat Khel,PK,PK,33.59600,71.33840
26180,Hangu,PK,PK,33.53198,71.05950
26190,Hangu,PK,PK,33.53198,71.05950
26196,Raisan,PK,PK,33.57320,71.19130
26200,Togh Sarai,PK,PK,33.44420,70.97550
26220,Kahi,PK,PK,33.47520,70.86120
26230,Naryab,PK,PK,33.48330,70.78140
26240,Doaba,PK,PK,33.42450,70.73676
26250,Sarozai,PK,PK,33.42430,70.78380
26280,Alizai,PK,PK,33.53610,70.34610
26290,Sadda,PK,PK,33.70590,70.32880
26300,Parachinar,PK,PK,33.89970,70.10010
26350,Surgul,PK,PK,33.51000,71.38420
26352,Gada Khel,PK,PK,33.47230,71.40570
26360,Lachi,PK,PK,33.38291,71.33733
26380,Shakar Dara,PK,PK,33.79210,70.31750
26390,Teri,PK,PK,33.29450,71.10210
26400,Banda Daud Shah,PK,PK,33.27240,71.18210
27100,Mitha Khel,PK,PK,33.01630,70.90320
27200,Karak,PK,PK,33.11633,71.09354
27400,Thatti Nasrati,PK,PK,33.00490,71.08380
27410,Bahadur Khel,PK,PK,33.18190,70.95540
27500,Inzar Banda,PK,PK,33.22530,71.15980
27600,Land Kamar,PK,PK,33.73670,70.68010
27810,Warana,PK,PK,33.28050,70.53540
28030,Nizam Bazar,PK,PK,33.00470,70.64060
28050,Miryan,PK,PK,32.98150,70.91990
28100,Bannu,PK,PK,32.98527,70.60403
28108,Hussainabad,PK,PK,34.15660,71.72640
28142,Baka Khel,PK,PK,32.97260,70.50170
28170,Mir Ali,PK,PK,33.17440,70.36920
28210,Boya,PK,PK,32.96060,69.91810
28220,Data Khel,PK,PK,33.15090,70.43220
28270,Razmak,PK,PK,32.68930,69.83430
28310,Bharat,PK,PK,32.89030,70.63690
28322,Takhti Khel,PK,PK,32.80460,70.64780
28334,Bannu,PK,PK,32.98527,70.60403
28350,Sarai Naurang,PK,PK,32.82581,70.78107
28352,Sarai Naurang,PK,PK,32.82581,70.78107
28354,Sultanabad,PK,PK,32.83140,70.76350
28370,Sarai Gambila,PK,PK,32.69260,70.78190
28380,Tajori,PK,PK,32.62620,70.58220
28420,Lakki,PK,PK,32.60724,70.91234
28424,Isa Khel,PK,PK,32.88220,70.91680
28426,Shahbaz Khel,PK,PK,32.40860,70.74610
28440,Abba Khel,PK,PK,32.56430,70.82660
28450,Ghazni Khel,PK,PK,32.55790,70.74060
28480,Bakka Khel,PK,PK,32.97260,70.50170
28490,Chak,PK,PK,27.85838,68.83378
28500,Lakki,PK,PK,32.60724,70.91234
28510,Lakki,PK,PK,32.60724,70.91234
28530,Dalu Khel,PK,PK,32.60330,70.86070
29000,Paniala,PK,PK,32.24390,70.88390
29010,Wanda Khan Muhammad,PK,PK,32.31460,70.97610
29012,Rehmani Khel,PK,PK,32.38160,71.12310
29020,Yarik,PK,PK,32.10430,70.78920
29050,Dera Ismail Khan,PK,PK,31.83129,70.90170
29080,Muryali,PK,PK,31.80780,70.89610
29160,Paharpur,PK,PK,32.10502,70.97055
29162,Band Kurai,PK,PK,32.04090,70.90340
29170,Bilot,PK,PK,32.25700,71.16120
29180,Kirri Khaisor,PK,PK,32.32970,71.19740
29210,Kot Jai,PK,PK,32.17040,71.09320
29230,Paroa,PK,PK,31.55730,70.76010
29232,Ramak,PK,PK,31.35190,70.68760
29240,Kiri Shamozai,PK,PK,31.40730,70.48620
29310,Daraban,PK,PK,31.73250,70.33720
29330,Choudhwan,PK,PK,31.59780,70.35680
29340,Darazinda,PK,PK,33.24570,70.50370
29350,Kulachi,PK,PK,31.93058,70.45959
29380,Takwara,PK,PK,32.14380,70.62740
29400,Tank,PK,PK,32.21707,70.38315
29410,Gomal Bazar,PK,PK,32.11510,70.15820
29420,Gul Imam,PK,PK,32.25940,70.53180
29430,Pai,PK,PK,32.35500,70.55670
29432,Ama Khel,PK,PK,32.38280,70.52330
29440,Mullazai,PK,PK,32.41330,70.46590
29460,Manzai,PK,PK,32.57110,69.78520
29470,Jandola,PK,PK,32.33550,70.11920
29490,Ladha,PK,PK,32.56070,69.84160
29510,Sarwakai,PK,PK,34.01090,71.05410
29540,Wana,PK,PK,32.29890,69.57250
30000,Bhakkar,PK,PK,31.62685,71.06471
30004,Chak,PK,PK,27.85838,68.83378
30010,Sial,PK,PK,31.91110,72.30210
30030,Haiderabad (Bhakkar),PK,PK,31.65700,71.42120
30040,Behal,PK,PK,31.41330,71.00640
30050,Chak,PK,PK,27.85838,68.83378
30052,Chak,PK,PK,27.85838,68.83378
30060,Mankera,PK,PK,31.38771,71.44047
30100,Darya Khan,PK,PK,31.78447,71.10197
30110,Dullewala,PK,PK,31.83439,71.43639
30120,Panj Girain,PK,PK,31.56100,72.38580
30140,Kallur Kot,PK,PK,32.15510,71.26630
30160,Rodi,PK,PK,31.58820,71.50170
31000,Chak,PK,PK,27.85838,68.83378
31050,Fateh Pur,PK,PK,28.14940,67.95210
31100,Karor,PK,PK,31.22460,70.95153
31150,Shah Pur,PK,PK,29.91320,71.35300
31200,Layyah,PK,PK,30.96128,70.93904
31250,Chak,PK,PK,27.85838,68.83378
31300,Layyah,PK,PK,30.96128,70.93904
31350,Ladhana,PK,PK,30.86110,71.07460
31400,Chak,PK,PK,27.85838,68.83378
31600,Juman Shah,PK,PK,27.35980,68.39550
31650,Kot Sultan,PK,PK,30.77370,70.93125
32010,Vehoa,PK,PK,31.12830,70.50740
32020,Nutkani,PK,PK,30.59240,70.89160
32030,Tibbi Qaisrani,PK,PK,31.00420,70.67820
32040,Retra,PK,PK,30.92960,70.70130
32100,Taunsa,PK,PK,30.70358,70.65054
32110,Basti Buzdar,PK,PK,30.77020,70.54190
32120,Mangrotha,PK,PK,30.71020,70.59150
32124,Barthi,PK,PK,30.57070,70.37200
32130,Kot Qaisrani,PK,PK,30.79350,70.55110
32140,Sokar,PK,PK,30.65420,70.60850
32150,Shadan Lund,PK,PK,30.47040,70.72970
32200,Dera Ghazi Khan,PK,PK,30.04587,70.64029
32230,Samina,PK,PK,30.00130,70.76060
32300,Sakhi Sarwar,PK,PK,29.98030,70.30610
32350,Kot Chutta,PK,PK,29.88630,70.64940
32380,Choti,PK,PK,29.84250,70.49190
32400,Mana,PK,PK,29.80180,70.62030
32410,Basti Malana,PK,PK,29.86580,70.64070
32420,Jalbani,PK,PK,29.84320,70.69460
32430,Jhoke Utra,PK,PK,29.84340,70.72570
33100,Dajal,PK,PK,29.55769,70.37614
33300,Muhammad Pur,PK,PK,30.71015,73.01782
33500,Rajan Pur,PK,PK,28.14450,69.69580
33600,Mithan Kot,PK,PK,29.54000,72.93190
33700,Rojhan,PK,PK,28.68735,69.95350
34000,Ahsan Pur,PK,PK,30.64470,70.95750
34010,Dera Din Panah,PK,PK,30.67610,70.73020
34050,Kot Adu,PK,PK,30.46910,70.96700
34120,Gujrat,PK,PK,32.57420,74.07542
34200,Muzaffargarh,PK,PK,30.07258,71.19379
34300,Basira,PK,PK,30.08010,71.05900
34370,Shah Jamal,PK,PK,29.92060,70.96550
34382,Doaba,PK,PK,33.42450,70.73676
34384,Mondka,PK,PK,29.96180,71.05720
34430,Jatoi,PK,PK,29.51100,70.84530
34440,Bet Mir Hazar Khan,PK,PK,29.69020,70.80040
34450,Ali Pur,PK,PK,28.51580,70.12280
34470,Khairpur,PK,PK,28.06437,69.70363
34550,Khanpur,PK,PK,28.64739,70.65694
34600,Sultan Colony,PK,PK,30.15690,71.47320
34650,Rang Pur,PK,PK,29.33300,71.49680
35012,Chak,PK,PK,27.85838,68.83378
35100,Waryam,PK,PK,30.96280,72.25820
35110,Chak,PK,PK,27.85838,68.83378
35150,Haveli Bahadur Shah,PK,PK,31.07730,72.18650
35180,Atharan Hazari,PK,PK,31.16450,72.09850
35310,Chak,PK,PK,27.85838,68.83378
35350,Bhawana,PK,PK,31.56884,72.64917
35400,Chiniot,PK,PK,31.72091,72.97836
35460,Chenab Nagar,PK,PK,31.75510,72.91400
35470,Lalian,PK,PK,31.82462,72.80116
35500,Chund Bharwana,PK,PK,31.41760,72.26300
35510,Kot Shakir,PK,PK,31.48150,72.08800
35520,Pirkot Sadhana,PK,PK,31.27210,72.16040
35580,Mari Shah Sakhira,PK,PK,31.61860,72.11100
36000,Chak,PK,PK,27.85838,68.83378
36080,Chak,PK,PK,27.85838,68.83378
36120,Gojra,PK,PK,31.14926,72.68323
36150,Chak,PK,PK,27.85838,68.83378
36160,Chak,PK,PK,27.85838,68.83378
36200,Pacca Anna,PK,PK,31.23500,72.79310
36260,Chak,PK,PK,27.85838,68.83378
36280,Nawan Lahore,PK,PK,31.32450,72.72820
36282,Gojra,PK,PK,31.14926,72.68323
36300,Pir Mahal,PK,PK,30.76663,72.43455
36330,Chak,PK,PK,27.85838,68.83378
36350,Kamalia,PK,PK,30.72708,72.64607
36380,Kamalia,PK,PK,30.72708,72.64607
36390,Jakhar,PK,PK,30.64600,72.63660
37000,Mamu Kanjan,PK,PK,30.83044,72.79943
37040,Chak,PK,PK,27.85838,68.83378
37050,Chak,PK,PK,27.85838,68.83378
37060,Chak,PK,PK,27.85838,68.83378
37100,Kanjwani,PK,PK,30.92780,72.97500
37110,Garh,PK,PK,30.86140,73.02950
37130,Chak,PK,PK,27.85838,68.83378
37180,Chak,PK,PK,27.85838,68.83378
37220,Chak,PK,PK,27.85838,68.83378
37224,Chak,PK,PK,27.85838,68.83378
37230,Chak,PK,PK,27.85838,68.83378
37250,Jaranwala,PK,PK,31.33320,73.41868
37260,Buchiana,PK,PK,31.44160,73.51780
37290,Chak,PK,PK,27.85838,68.83378
37300,Samundri,PK,PK,31.06120,72.95860
37340,Chak,PK,PK,27.85838,68.83378
37360,Chak,PK,PK,27.85838,68.83378
37400,Chak,PK,PK,27.85838,68.83378
37410,Chak,PK,PK,27.85838,68.83378
37420,Chak,PK,PK,27.85838,68.83378
37430,Dasuha,PK,PK,31.31550,73.02550
37530,Chak,PK,PK,27.85838,68.83378
37540,Chak,PK,PK,27.85838,68.83378
37570,Chak,PK,PK,27.85838,68.83378
37600,Chak,PK,PK,27.85838,68.83378
37610,Chak,PK,PK,27.85838,68.83378
37620,Chak,PK,PK,27.85838,68.83378
37660,Chak,PK,PK,27.85838,68.83378
37690,Chak,PK,PK,27.85838,68.83378
37700,Chak Jhumra,PK,PK,31.56808,73.18317
37720,Chak,PK,PK,27.85838,68.83378
37730,Burj Mandi,PK,PK,31.65640,73.09820
37740,Chak,PK,PK,27.85838,68.83378
38000,Faisalabad,PK,PK,31.41554,73.08969
38004,Faisalabad,PK,PK,31.41554,73.08969
38070,Faisalabad,PK,PK,31.41554,73.08969
38080,Faisalabad,PK,PK,31.41554,73.08969
38086,Faisalabad,PK,PK,31.41554,73.08969
38090,Faisalabad,PK,PK,31.41554,73.08969
38200,Faisalabad,PK,PK,31.41554,73.08969
38210,Chak,PK,PK,27.85838,68.83378
38220,Chak,PK,PK,27.85838,68.83378
38230,Chak,PK,PK,27.85838,68.83378
38240,Chak,PK,PK,27.85838,68.83378
38600,Faisalabad,PK,PK,31.41554,73.08969
38700,Faisalabad,PK,PK,31.41554,73.08969
38800,Faisalabad,PK,PK,31.41554,73.08969
38860,Faisalabad,PK,PK,31.41554,73.08969
38900,Ghulam Muhammad Abad,PK,PK,31.81640,72.92230
39000,Muridke,PK,PK,31.80258,74.25772
39050,Narang Mandi,PK,PK,31.90376,74.51587
39060,Adhian,PK,PK,32.53750,73.55130
39100,Nankana Sahib,PK,PK,31.45010,73.70653
39130,Bucheki,PK,PK,31.30860,73.66000
39180,Warburton,PK,PK,31.54510,73.82890
39250,Kot Abdul Malik,PK,PK,31.61820,74.24610
39330,Kot Pindi Das,PK,PK,31.70600,74.18290
39520,Farooqabad,PK,PK,32.79170,72.70050
39530,Bahalike,PK,PK,31.73420,73.69720
39570,Marh Balochan,PK,PK,31.78310,73.43880
39600,Sangla Hill,PK,PK,31.71667,73.38333
39630,Shah Kot,PK,PK,31.57090,73.48530
39650,Panwan,PK,PK,31.58890,73.59690
39660,Kot Nizamdin,PK,PK,31.52120,73.49980
40040,Farooka,PK,PK,31.88640,72.41360
40050,Chak,PK,PK,27.85838,68.83378
40060,Chak,PK,PK,27.85838,68.83378
40100,Sargodha,PK,PK,32.08586,72.67418
40110,Wijh,PK,PK,32.06830,72.42460
40120,Ahmed Pur,PK,PK,27.99890,68.62420
40130,Shaheenabad,PK,PK,31.92000,72.63370
40140,Chak,PK,PK,27.85838,68.83378
40160,Sargodha,PK,PK,32.08586,72.67418
40170,Sargodha,PK,PK,32.08586,72.67418
40180,Sargodha,PK,PK,32.08586,72.67418
40190,Sargodha,PK,PK,32.08586,72.67418
40210,Sahiwal,PK,PK,31.97386,72.33109
40230,Nihang,PK,PK,31.83550,72.28670
40260,Chak,PK,PK,27.85838,68.83378
40270,Chak,PK,PK,27.85838,68.83378
40300,Chak,PK,PK,27.85838,68.83378
40310,Chak,PK,PK,27.85838,68.83378
40330,Chak,PK,PK,27.85838,68.83378
40340,Hyderabad,PK,PK,25.39689,68.37718
40360,Uttian,PK,PK,32.28800,72.70480
40410,Bhalwal,PK,PK,32.26576,72.89809
40418,Alamabad,PK,PK,32.41650,73.06220
40440,Lalliani,PK,PK,32.20390,72.95120
40450,Kot Moman,PK,PK,32.18840,73.02990
40460,Midh Ranjha,PK,PK,32.05670,73.17110
40462,Tangowali,PK,PK,32.14170,72.84670
40470,Bhabra,PK,PK,32.22730,73.21720
40500,Alipur,PK,PK,29.38242,70.91106
40520,Chak,PK,PK,27.85838,68.83378
40530,Chak,PK,PK,27.85838,68.83378
40540,Bhera,PK,PK,32.48206,72.90865
40544,Alipur,PK,PK,29.38242,70.91106
40550,Miani,PK,PK,31.32190,73.00000
40560,Hujjan,PK,PK,32.27340,73.12030
40614,Jahanabad,PK,PK,32.17610,72.48160
40620,Kandan,PK,PK,32.23400,72.36230
41000,Khushab,PK,PK,32.29667,72.35250
41010,Hussain Abad,PK,PK,32.95530,70.64150
41020,Girote,PK,PK,32.08580,72.27410
41022,Khura,PK,PK,32.52680,72.22210
41030,Roda,PK,PK,32.53680,71.57910
41050,Pail,PK,PK,32.63400,72.46130
41060,Padhrar,PK,PK,32.65360,72.49290
41104,Ugali,PK,PK,32.57480,72.03620
41110,Sodhi,PK,PK,32.58280,72.26830
41124,Jabba,PK,PK,33.44470,73.14300
41130,Mardwal,PK,PK,32.60710,72.16340
41140,Angah,PK,PK,32.59740,72.08770
41150,Uchhali,PK,PK,32.53830,72.01630
41162,Kufri,PK,PK,32.54540,72.09250
41170,Jahlar,PK,PK,32.49860,72.09700
41210,Hadali,PK,PK,32.64043,74.56898
41220,Jabbi,PK,PK,32.39170,72.09430
41250,Mitha Tiwana,PK,PK,32.24540,72.10615
41260,Adhi Kot,PK,PK,32.10540,71.80600
41264,Khushab,PK,PK,32.29667,72.35250
41280,Jamali,PK,PK,31.84480,72.05700
41282,Jaura Kalan,PK,PK,31.89220,72.22750
41310,Bandial,PK,PK,32.35520,71.82470
41340,Rajar,PK,PK,32.39120,72.48460
42010,Alluwali,PK,PK,32.36680,71.40940
42020,Harnoli,PK,PK,32.27871,71.55429
42050,Kundian,PK,PK,32.45775,71.47892
42060,Chak,PK,PK,27.85838,68.83378
42100,Wan Bhachran,PK,PK,32.41900,71.69830
42110,Chapri,PK,PK,32.49800,71.91900
42120,Shadia,PK,PK,32.37860,71.75930
42200,Mianwali,PK,PK,32.57756,71.52847
42204,Pakki Shah Mardan,PK,PK,32.92070,71.55320
42206,Mianwali,PK,PK,32.57756,71.52847
42208,Kallor,PK,PK,31.94250,73.02560
42210,Musa Khel,PK,PK,32.64040,71.74090
42220,Kalri,PK,PK,32.67290,71.89010
42230,Chakrala,PK,PK,32.82430,71.88250
42250,Rikhi,PK,PK,32.70230,71.78680
42300,Pai Khel,PK,PK,32.78850,71.58580
42302,Ghundi,PK,PK,32.80680,71.60610
42310,Mochh,PK,PK,32.74740,71.51480
42312,Dillewali,PK,PK,32.70980,71.53250
42320,Daud Khel,PK,PK,32.87533,71.57118
42360,Kalabagh,PK,PK,32.96164,71.54638
42370,Tabisar,PK,PK,33.14800,71.56590
42410,Makerwal,PK,PK,32.85520,71.19430
42420,Trag,PK,PK,32.78560,71.29420
42430,Isa Khel,PK,PK,32.46800,71.83620
43002,Kani,PK,PK,33.04480,71.76270
43010,Makhad Sharif,PK,PK,33.13040,71.73680
43020,Injra,PK,PK,33.12580,71.85170
43052,Nandrakabad,PK,PK,33.23320,71.93210
43070,Jhamat,PK,PK,33.29230,71.91920
43080,Dakhnair,PK,PK,33.31090,71.83220
43100,Jand,PK,PK,33.43304,72.01877
43110,Kot Chhaji,PK,PK,33.53480,72.08080
43112,Jalwal,PK,PK,33.53600,72.02310
43120,Nara,PK,PK,33.63900,72.05340
43122,Pindi Sarhal,PK,PK,33.58140,72.17020
43130,Thatta,PK,PK,24.74745,67.92353
43140,Basal,PK,PK,33.55500,72.25690
43210,Mithal,PK,PK,33.52470,72.24220
43220,Domel,PK,PK,33.53920,72.19450
43222,Maryala,PK,PK,32.33190,72.74850
43230,Pind Sultani,PK,PK,33.51030,72.18200
43232,Rangli,PK,PK,33.49030,72.12110
43240,Ikhlas,PK,PK,33.26490,72.29590
43244,Mianwala,PK,PK,32.49600,71.80220
43250,Dhok Lahm,PK,PK,33.31770,72.18660
43252,Surg,PK,PK,33.70670,72.25970
43260,Pindi Gheb,PK,PK,33.24095,72.26480
43270,Chhab,PK,PK,33.10790,72.45490
43300,Khunda,PK,PK,33.46210,72.39490
43320,Mirjal,PK,PK,33.51370,72.44080
43322,Kahal,PK,PK,33.53630,72.34000
43340,Kot Fateh Khan,PK,PK,33.46240,72.50800
43350,Fateh Jang,PK,PK,33.58020,71.47230
43360,Kamrial,PK,PK,33.28700,72.57660
43364,Kanjur,PK,PK,33.35190,71.92070
43366,Dhurnal,PK,PK,33.35440,72.61120
43370,Ganda Kas,PK,PK,33.22720,72.62020
43380,Khaur,PK,PK,33.24990,72.45730
43390,Kutbal,PK,PK,33.15140,73.19340
43394,Hattar,PK,PK,32.63880,74.36010
43400,Jalalia,PK,PK,33.95840,72.54120
43412,Malak Mala,PK,PK,33.93120,72.53580
43420,Shinka,PK,PK,33.94690,72.53160
43422,Yasin Kalan,PK,PK,33.95140,72.50080
43430,Barazai,PK,PK,33.91890,72.54250
43440,Hazro,PK,PK,33.90990,72.49180
43450,Nartopa,PK,PK,33.91370,72.51840
43460,Musa,PK,PK,33.88210,72.49250
43470,Hameed,PK,PK,32.63750,73.20870
43480,Saman,PK,PK,33.89630,72.44780
43510,Waisa,PK,PK,33.92240,72.40240
43520,Sirka,PK,PK,33.93920,72.39150
43530,Shadi Khan,PK,PK,33.92270,72.37760
43560,Attock Khurd,PK,PK,33.89210,72.23860
43580,Hattian,PK,PK,33.86360,72.45170
43670,Sanjwal,PK,PK,33.76105,72.43315
43680,Mirza,PK,PK,32.75030,74.18970
43710,Burhan,PK,PK,31.85180,72.21800
43730,Hasan Abdal,PK,PK,30.42390,72.69740
44000,Islamabad,PK,PK,33.72148,73.04329
44010,Islamabad,PK,PK,33.72148,73.04329
44020,Islamabad,PK,PK,33.72148,73.04329
44030,Islamabad,PK,PK,33.72148,73.04329
44040,Islamabad,PK,PK,33.72148,73.04329
44050,Islamabad,PK,PK,33.72148,73.04329
44080,Islamabad,PK,PK,33.72148,73.04329
44090,Islamabad,PK,PK,33.72148,73.04329
44100,Islamabad,PK,PK,33.72148,73.04329
44150,Islamabad,PK,PK,33.72148,73.04329
44210,Islamabad,PK,PK,33.72148,73.04329
44220,Islamabad,PK,PK,33.72148,73.04329
44230,Islamabad,PK,PK,33.72148,73.04329
44310,Islamabad,PK,PK,33.72148,73.04329
44320,Islamabad,PK,PK,33.72148,73.04329
44790,Islamabad,PK,PK,33.72148,73.04329
44800,Islamabad,PK,PK,33.72148,73.04329
45200,Golra,PK,PK,33.69540,72.97710
45210,Islamabad,PK,PK,33.72148,73.04329
45300,"Noorpur Shahan, Islamabad",PK,PK,33.74700,73.11280
45320,Islamabad,PK,PK,33.72148,73.04329
45500,Islamabad,PK,PK,33.72148,73.04329
45510,"Rawal Town, Islamabad",PK,PK,33.68490,73.11780
45520,"Malpur, Islamabad",PK,PK,33.72860,73.14600
45550,Tarlai Kalan,PK,PK,33.64250,73.15200
45570,"Kuri, Islamabad",PK,PK,33.68070,73.17980
45610,"Jagiot, Islamabad",PK,PK,33.67360,73.21360
45624,Pind Malkan,PK,PK,33.59350,73.26280
45640,"Kirpa, Islamabad",PK,PK,33.62280,73.23800
45700,Islamabad,PK,PK,33.72148,73.04329
45710,"Lohi Bher, Islamabad",PK,PK,33.58170,73.16360
45730,Islamabad,PK,PK,33.72148,73.04329
45740,Sohan,PK,PK,33.65450,73.10170
45750,Sihala,PK,PK,33.54620,73.20850
46000,Rawalpindi,PK,PK,33.59733,73.04790
46010,Rawalpindi,PK,PK,33.59733,73.04790
46020,Rawalpindi,PK,PK,33.59733,73.04790
46030,Rawalpindi,PK,PK,33.59733,73.04790
46040,Rawalpindi,PK,PK,33.59733,73.04790
46050,Rawalpindi,PK,PK,33.59733,73.04790
46060,Rawalpindi,PK,PK,33.59733,73.04790
46070,Rawalpindi,PK,PK,33.59733,73.04790
46100,Rawalpindi,PK,PK,33.59733,73.04790
46120,Murree,PK,PK,33.90836,73.39030
46210,Rawalpindi,PK,PK,33.59733,73.04790
46220,Rawalpindi,PK,PK,33.59733,73.04790
46222,Rawalpindi,PK,PK,33.59733,73.04790
46300,Rawalpindi,PK,PK,33.59733,73.04790
46310,Rawalpindi,PK,PK,33.59733,73.04790
46320,Rawalpindi,PK,PK,33.59733,73.04790
46330,Rawalpindi,PK,PK,33.59733,73.04790
46350,Rawalpindi,PK,PK,33.59733,73.04790
46500,Rawalpindi,PK,PK,33.59733,73.04790
46510,Rawalpindi,PK,PK,33.59733,73.04790
46520,Rawalpindi,PK,PK,33.59733,73.04790
46600,Rawalpindi,PK,PK,33.59733,73.04790
46602,Rawalpindi,PK,PK,33.59733,73.04790
46606,Rawalpindi,PK,PK,33.59733,73.04790
46610,Rawalpindi,PK,PK,33.59733,73.04790
47000,Wah,PK,PK,33.79830,72.69560
47040,Wah Cantt,PK,PK,33.77094,72.75116
47080,Taxila,PK,PK,33.73730,72.80060
47092,Khurram Gujar,PK,PK,33.73780,72.87970
47100,Tret,PK,PK,33.83570,73.29690
47110,Ghora Gali,PK,PK,33.88060,73.34170
47118,Murree,PK,PK,33.90836,73.39030
47130,Kuldana,PK,PK,33.92110,73.39940
47140,Sunny Bank,PK,PK,33.92000,73.40100
47150,Murree,PK,PK,33.90836,73.39030
47194,Dewal,PK,PK,34.00400,73.47040
47200,Phagwari,PK,PK,33.98150,73.49840
47210,Upper Topa,PK,PK,33.91230,73.42970
47214,Lower Topa,PK,PK,33.89770,73.43050
47230,Ban,PK,PK,33.70970,72.76980
47232,Biah,PK,PK,33.74660,73.41190
47234,Dhirkot,PK,PK,34.03917,73.57694
47240,Dhanda,PK,PK,33.90760,73.51540
47260,Kotli,PK,PK,33.51836,73.90220
47266,Kahuti Bazar,PK,PK,33.76590,73.50350
47270,Lehtrar Bala,PK,PK,33.70600,73.43880
47290,Sihal,PK,PK,33.35690,72.83070
47294,Sangral,PK,PK,33.44560,73.20150
47300,Chakri,PK,PK,33.29240,72.76180
47310,Dahgal,PK,PK,33.49230,73.04800
47324,Khadiot,PK,PK,33.62000,73.40390
47330,Kahuta,PK,PK,33.59183,73.38736
47340,Hanesar,PK,PK,33.58690,73.48390
47350,Panjar,PK,PK,33.64390,73.51710
47360,Narh,PK,PK,33.73080,73.54650
47374,Matore,PK,PK,33.53100,73.47780
47380,Thoha Khalsa,PK,PK,33.50930,73.43660
47384,Nara,PK,PK,33.54330,73.52700
47390,Bagh,PK,PK,33.98111,73.77608
47400,Lehri,PK,PK,33.52950,73.55780
47410,Khalol,PK,PK,33.56590,73.55910
47420,Jewra,PK,PK,33.60900,73.52190
47440,Doberan Kalan,PK,PK,33.44820,73.50570
47450,Dhamali,PK,PK,33.43530,73.44280
47470,Choha Khalsa,PK,PK,33.41200,73.48280
47476,Chakrali Budhal,PK,PK,33.38450,73.41020
47480,Sir Suba Shah,PK,PK,33.39760,73.51220
47500,Takal,PK,PK,33.37160,73.46130
47522,Thal,PK,PK,35.47836,72.24383
47540,Sagri,PK,PK,33.46090,73.26380
47580,Udhowal,PK,PK,32.60090,74.04460
47590,Chauntra,PK,PK,33.35360,72.93050
47592,Tatral,PK,PK,32.91080,72.85940
47600,Chak,PK,PK,27.85838,68.83378
47660,Jabbar Darvesh,PK,PK,33.35720,73.10230
47670,Mandra,PK,PK,33.36620,73.23860
47680,Kaliam Awan,PK,PK,33.40580,73.20720
47690,Pothi,PK,PK,33.35960,73.19410
47700,Sang,PK,PK,33.31510,73.18830
47720,Sukho,PK,PK,33.25010,73.18190
47730,Kanyat Khalil,PK,PK,33.18470,73.22760
47740,Daultala,PK,PK,33.19282,73.14099
47750,Ahdi,PK,PK,33.14140,73.12640
47760,Narali,PK,PK,33.11480,73.16240
47780,Jatli,PK,PK,33.20440,73.10780
47784,Devi,PK,PK,33.20900,73.04960
47810,Raman,PK,PK,33.15140,73.06690
47830,Punjgran Khurd,PK,PK,33.17890,73.03120
47850,Gujar Khan,PK,PK,33.25411,73.30433
47880,Gulyana,PK,PK,33.20250,73.26970
47890,Sasral,PK,PK,33.15500,73.25020
47900,Kuntrilla,PK,PK,32.96000,73.69420
47910,Bewal,PK,PK,33.33780,73.44830
47940,Thathi,PK,PK,32.72720,74.44280
47950,Pindori,PK,PK,32.73030,74.00410
47960,Kazian,PK,PK,32.21370,75.09370
47970,Jand,PK,PK,33.43304,72.01877
47980,Missa Kaswal,PK,PK,33.20570,73.34630
47990,Jarmot Kalan,PK,PK,33.12810,73.32130
48000,Trap,PK,PK,33.05350,71.90580
48020,Jabbi Shah Dilawar,PK,PK,33.09360,71.99070
48030,Multan,PK,PK,30.19679,71.47824
48040,Tamman,PK,PK,33.00400,72.11050
48050,Budhial,PK,PK,32.99390,72.18600
48052,Patwali,PK,PK,33.04840,72.18070
48060,Akwal,PK,PK,32.92950,72.36480
48062,Dhaular,PK,PK,33.04200,72.30430
48070,Tehi,PK,PK,32.96170,72.40890
48072,Jasial,PK,PK,32.99770,72.39130
48074,Tatral,PK,PK,32.91080,72.85940
48080,Kot Sarang,PK,PK,33.03710,72.38500
48090,Talagang,PK,PK,32.92766,72.41594
48100,Talagang,PK,PK,32.92766,72.41594
48110,Naka Kahut,PK,PK,32.94250,72.47810
48130,Balwal,PK,PK,32.82160,72.06460
48150,Saghar,PK,PK,32.94170,72.27030
48160,Wanhar,PK,PK,32.89140,72.17860
48170,Dhulli,PK,PK,32.86270,72.19430
48180,Dhermond,PK,PK,32.94530,72.16780
48190,Leti,PK,PK,32.91130,72.06580
48210,Dhurnal,PK,PK,32.80760,72.10160
48220,Gatal,PK,PK,32.80120,72.06770
48222,Kot Qazi,PK,PK,32.82360,72.00860
48240,Changa,PK,PK,32.72820,71.97520
48250,Lawa,PK,PK,32.69683,71.93266
48260,Jhatla,PK,PK,32.82390,72.38260
48280,Chinji,PK,PK,32.70750,72.36400
48282,Kotera,PK,PK,32.64010,74.51520
48290,Bhilomar,PK,PK,32.72680,72.43680
48310,Dandot,PK,PK,32.65890,72.95970
48312,Dalelpur,PK,PK,32.73040,72.84280
48320,Choa Saidan Shah,PK,PK,32.71962,72.98625
48326,Ara,PK,PK,32.76020,73.21010
48330,Dulmial,PK,PK,32.73900,72.92480
48360,Dalwal,PK,PK,32.70240,72.88650
48380,Khairpur,PK,PK,28.06437,69.70363
48410,Basharat,PK,PK,32.78200,73.09200
48420,Saloi,PK,PK,32.74530,73.09610
48500,Dhidwal,PK,PK,32.86000,72.94270
48514,Bhallah,PK,PK,34.45530,73.35960
48516,Dheedwal,PK,PK,32.86000,72.94270
48520,Bhaun,PK,PK,32.86048,72.75677
48530,Kalar Kahar,PK,PK,32.78000,72.69790
48540,Bharpur,PK,PK,32.85640,72.56880
48550,Jhamrah,PK,PK,32.71350,72.61410
48554,Karuli,PK,PK,32.68460,72.77660
48570,Sar Kalan,PK,PK,32.64430,72.64360
48582,Wasnal,PK,PK,32.71480,72.54650
48590,Nur Pur,PK,PK,32.66360,72.58840
48600,Sadwal,PK,PK,32.88170,72.83020
48610,Murid,PK,PK,32.91330,72.75470
48620,Bhatti Gujar,PK,PK,32.86820,72.64210
48624,Dharabi,PK,PK,32.94520,72.53280
48630,Balkasar,PK,PK,32.93740,72.64440
48650,Thoa Bahadur,PK,PK,32.93650,72.70270
48680,Bhagwal,PK,PK,32.82111,73.95528
48690,Minwal,PK,PK,33.04780,72.85460
48694,Chak,PK,PK,27.85838,68.83378
48700,Dhudial (Chakwal),PK,PK,33.06760,72.97380
48704,Sang Kalan,PK,PK,33.08940,73.01420
48720,Mangwal,PK,PK,33.10860,72.82710
48730,Nila,PK,PK,33.16840,72.61260
48750,Bhin,PK,PK,32.98690,73.01980
48770,Chak,PK,PK,27.85838,68.83378
48780,Thanil Kamal,PK,PK,33.14190,72.72720
48800,Chakwal,PK,PK,32.93286,72.85394
48810,Tatral,PK,PK,32.91080,72.85940
48812,Janga,PK,PK,32.86620,72.85120
48824,Shahpur,PK,PK,32.26820,72.46884
48840,Chakral,PK,PK,32.92450,72.94830
48860,Chak,PK,PK,27.85838,68.83378
48890,Pindi Gujran,PK,PK,32.95970,73.12260
48912,Dhoda,PK,PK,33.04780,73.11100
48914,Ghazial,PK,PK,32.95710,73.16990
48920,Chohan,PK,PK,33.20110,72.98790
48930,Chakora,PK,PK,33.07440,73.18410
48940,Jand,PK,PK,33.43304,72.01877
49020,Lilla,PK,PK,32.56580,72.75100
49024,Saroba,PK,PK,32.56690,72.87070
49030,Tobah,PK,PK,32.57760,72.81830
49040,Pind Dadan Khan,PK,PK,32.58662,73.04456
49060,Khewra,PK,PK,32.64910,73.01059
49070,Sauwal,PK,PK,32.59390,73.03980
49080,Dhariala Jalap,PK,PK,32.65050,73.22120
49102,Chak,PK,PK,27.85838,68.83378
49110,Pindi Saidpur,PK,PK,32.67100,73.32940
49130,Wagh,PK,PK,32.73560,73.39450
49200,Dhaiwal,PK,PK,32.52450,72.53490
49210,Pari Darweza,PK,PK,33.03220,73.21510
49230,Sohawa,PK,PK,33.13310,73.41920
49232,Pail Mirza,PK,PK,33.20070,73.45100
49234,Miani Bala,PK,PK,32.90580,73.28350
49260,Bakrala,PK,PK,33.09630,73.45140
49270,Lehri,PK,PK,32.81170,73.16430
49280,Tarkai,PK,PK,33.95140,71.90440
49300,Domeli,PK,PK,33.01210,73.35390
49304,Adrana,PK,PK,32.97540,73.42470
49306,Mughalabad,PK,PK,33.42180,73.38940
49310,Dial,PK,PK,32.85300,73.22420
49320,Baragowah,PK,PK,32.90420,73.38120
49324,Nagial,PK,PK,32.89540,73.42150
49326,Kakrala,PK,PK,32.86960,73.36290
49328,Padhri,PK,PK,32.87660,73.29920
49330,Bangial,PK,PK,32.91160,73.46690
49332,Bhogi Chak,PK,PK,32.94870,73.45910
49340,Jandala,PK,PK,32.93980,73.50500
49370,Rohtas,PK,PK,32.96690,73.57810
49380,Khukha,PK,PK,33.00700,73.54990
49390,Sagri,PK,PK,33.46090,73.26380
49430,Mangla,PK,PK,31.89306,72.38167
49460,Chak,PK,PK,27.85838,68.83378
49490,Kala Gujran,PK,PK,32.97400,73.69790
49500,Kala,PK,PK,32.97400,73.69790
49512,Pind Rajwal,PK,PK,33.06390,73.70620
49520,Chak,PK,PK,27.85838,68.83378
49600,Jhelum,PK,PK,32.93448,73.73102
49620,Bilal Town,PK,PK,31.21350,73.95010
49700,Sanghoi,PK,PK,32.86280,73.60580
49710,Chotala,PK,PK,32.81860,73.57740
49712,Toor,PK,PK,31.85490,74.04240
49730,Chakri,PK,PK,32.77570,73.47720
49750,Jamarghal,PK,PK,32.73770,73.47240
49764,Changa Bangial,PK,PK,33.33120,73.38270
50000,Sarai Alamgir,PK,PK,32.90495,73.75518
50006,Khadriala,PK,PK,32.85040,73.67370
50010,Aurangabad,PK,PK,32.91450,73.76000
50050,Khohar,PK,PK,32.80670,73.64400
50070,Kharian,PK,PK,32.81612,73.88697
50090,Kharian,PK,PK,32.81612,73.88697
50094,Malakpur,PK,PK,32.67090,73.46740
50110,Mohri,PK,PK,32.79920,73.78950
50120,Chak,PK,PK,27.85838,68.83378
50130,Dhoria,PK,PK,32.76720,73.82720
50140,Barnali,PK,PK,32.72110,73.83540
50150,Sehna,PK,PK,32.80990,73.92250
50160,Guliana,PK,PK,32.80150,73.96140
50180,Thutha Rai Bahadar,PK,PK,32.88680,73.99130
50182,Gotriala,PK,PK,32.91040,74.01510
50200,Lala Musa,PK,PK,32.70138,73.95746
50250,Jaurah,PK,PK,32.66370,73.82250
50260,Sikariali,PK,PK,32.61650,73.82260
50270,Karariwala Kalan,PK,PK,32.68730,73.79820
50280,Dinga,PK,PK,32.64101,73.72039
50290,Haslanwala,PK,PK,32.55400,73.76400
50306,Pindi Kalu,PK,PK,32.41730,73.72590
50310,Chak,PK,PK,27.85838,68.83378
50340,Amra Kalan,PK,PK,32.66590,73.67050
50350,Chak,PK,PK,27.85838,68.83378
50354,Murala,PK,PK,32.53460,73.62910
50370,Rasul,PK,PK,32.70910,73.57550
50390,Mong,PK,PK,32.64660,73.50920
50400,Mandi Bahauddin,PK,PK,32.58704,73.49123
50410,Mangat,PK,PK,32.51580,73.50320
50430,Phalia,PK,PK,32.43104,73.57900
50440,Helan,PK,PK,32.48780,73.65890
50470,Sohawa Bulani,PK,PK,32.54980,73.46690
50480,Kathiala Sheikhan,PK,PK,32.45540,73.41350
50486,Bosal,PK,PK,32.36880,73.29950
50490,Mianwal,PK,PK,32.38790,73.44040
50500,Gojra,PK,PK,31.14926,72.68323
50510,Rukkan,PK,PK,32.42420,73.27190
50520,Matsonabad,PK,PK,32.47240,73.25410
50530,Malakwal,PK,PK,32.55449,73.21274
50580,Miana Gondal,PK,PK,32.37170,73.14990
50620,Kunjah,PK,PK,32.52982,73.97486
50622,Mand,PK,PK,32.54500,74.01400
50640,Mangowal,PK,PK,32.21590,72.81450
50660,Jokalian,PK,PK,32.40070,73.78720
50680,Shadiwal,PK,PK,32.51350,74.03610
50700,Gujrat,PK,PK,32.57420,74.07542
50730,Adowal,PK,PK,32.61670,73.18320
50750,Sabowal,PK,PK,32.16590,72.34710
50766,Alipur,PK,PK,29.38242,70.91106
50790,Chopala,PK,PK,32.64300,74.32630
50810,Tanda,PK,PK,32.70110,74.37040
50812,Surakhpur,PK,PK,32.71820,74.44770
50820,Bhagowal,PK,PK,32.43751,74.66939
50830,Karianwala,PK,PK,32.75200,74.28000
50840,Chak,PK,PK,27.85838,68.83378
50870,Awan Sharif,PK,PK,32.84340,74.23350
50890,Hajiwala,PK,PK,32.73250,74.23480
50910,Daulat Nagar,PK,PK,32.74510,74.07870
50920,Makiana,PK,PK,32.68460,74.05950
50932,Sabour,PK,PK,32.80400,74.06210
50934,Nagrian,PK,PK,32.79670,74.11730
50950,Pero Shah,PK,PK,32.72480,74.15910
50960,Bhota,PK,PK,32.76570,74.02220
50964,Bhaddar,PK,PK,31.94130,74.04630
50972,Sidh,PK,PK,32.79290,74.01050
50980,Kakrali,PK,PK,32.83660,74.07860
50982,Samrala,PK,PK,32.82140,74.07360
50990,Kotla,PK,PK,32.85270,74.07120
50994,Sariya,PK,PK,32.87380,74.04110
51010,Daska,PK,PK,32.32420,74.35040
51020,Jamki,PK,PK,32.38790,74.40160
51050,Ugoke,PK,PK,32.47920,74.44900
51060,Sahowala,PK,PK,32.45500,74.40730
51070,Sambrial,PK,PK,32.47835,74.35338
51080,Begowala,PK,PK,32.43816,74.26794
51090,Ghartal,PK,PK,32.40510,74.29420
51150,Kapurowali,PK,PK,32.53480,74.45080
51200,Marala,PK,PK,32.65000,74.50000
51210,Kotli Loharan,PK,PK,32.58893,74.49466
51220,Kotli Loharan,PK,PK,32.58893,74.49466
51260,Bhoth,PK,PK,32.54110,74.56400
51270,Chaprar,PK,PK,32.63080,74.61540
51274,Saidpur,PK,PK,33.74188,73.07046
51280,Phuklian,PK,PK,32.73880,74.60860
51300,Sialkot,PK,PK,32.49268,74.53134
51310,Sialkot,PK,PK,32.49268,74.53134
51320,Dallowali,PK,PK,34.00340,74.05920
51330,Kotli,PK,PK,33.51836,73.90220
51350,Fateh Garh,PK,PK,31.56740,74.39290
51370,Gondal,PK,PK,32.70480,74.28710
51402,Bajra Garhi,PK,PK,32.47840,74.69540
51410,Badiana,PK,PK,32.37560,74.61620
51420,Chawinda,PK,PK,32.34434,74.70507
51450,Chobara,PK,PK,32.40650,74.78920
51480,Pasrur,PK,PK,32.26286,74.66327
51500,Satrah,PK,PK,32.17840,74.50990
51510,Wadala Sandhuan,PK,PK,32.19070,74.39570
51570,Talwandi Bhindran,PK,PK,32.09950,74.69210
51580,Nonar,PK,PK,32.22010,74.84550
51600,Narowal,PK,PK,32.10197,74.87303
51650,Sankhatra,PK,PK,32.22520,74.92100
51660,Dhamthal,PK,PK,32.27040,74.89340
51700,Badomali,PK,PK,31.75820,73.38830
51750,Jassar,PK,PK,32.09060,74.94270
51760,Kanjrur,PK,PK,32.14650,74.99970
51770,Nurkot,PK,PK,32.20310,75.12270
51830,Ikhlaspur,PK,PK,32.25780,75.31100
51840,Sukho Chak,PK,PK,32.38180,75.20450
52000,Wazirabad,PK,PK,32.44324,74.12000
52030,Sohdra,PK,PK,32.46210,74.18210
52050,Khanki,PK,PK,32.39970,73.97900
52070,Ahmad Nagar,PK,PK,31.72070,73.73330
52072,Mohlanke,PK,PK,32.27670,73.95700
52090,Rasul Nagar,PK,PK,31.65110,73.01180
52140,Kassoki,PK,PK,31.98060,73.73470
52150,Kaleke,PK,PK,31.35550,72.31620
52170,Jalalpur Nau,PK,PK,32.06670,73.38330
52180,Pindi Bhatian,PK,PK,31.89840,73.27340
52200,Ghakhar,PK,PK,32.30270,74.14720
52230,Gujranwala,PK,PK,32.15567,74.18705
52250,Gujranwala,PK,PK,32.15567,74.18705
52254,Wahdat Colony,PK,PK,32.15490,74.21530
52256,Gujranwala,PK,PK,32.15567,74.18705
52260,Gujranwala,PK,PK,32.15567,74.18705
52280,Talwandi Rahwali,PK,PK,32.25060,74.16630
52290,Gujranwala,PK,PK,32.15567,74.18705
52300,Gujranwala,PK,PK,32.15567,74.18705
52302,Jalil Town,PK,PK,32.09050,74.19690
52326,Papnakha,PK,PK,32.16960,74.06370
52330,Qila Didar Singh,PK,PK,32.13420,74.01630
52356,Budha Goraya,PK,PK,32.04250,74.05590
52360,Qila Mian Singh,PK,PK,31.36590,73.92270
52368,Sadhoke,PK,PK,31.39230,74.27710
52370,Naushera Virkan,PK,PK,31.96260,73.97120
52464,Wando,PK,PK,32.15690,70.80910
53100,Lahore,PK,PK,31.55800,74.35071
53200,Barki,PK,PK,30.04760,71.75180
53400,Lahore,PK,PK,31.55800,74.35071
53500,Jallo,PK,PK,29.54680,70.87840
53600,Wagha Lahore,PK,PK,31.60000,74.55000
53710,Lahore,PK,PK,31.55800,74.35071
53720,Lahore,PK,PK,31.55800,74.35071
54000,Lahore,PK,PK,31.55800,74.35071
54010,Naulakha,PK,PK,31.58220,74.32920
54020,Lahore,PK,PK,31.55800,74.35071
54030,Lahore,PK,PK,31.55800,74.35071
54500,Lahore,PK,PK,31.55800,74.35071
54550,Lahore,PK,PK,31.55800,74.35071
54560,Lahore,PK,PK,31.55800,74.35071
54570,Lahore,PK,PK,31.55800,74.35071
54572,Sabzazar,PK,PK,31.52420,74.26310
54590,Lahore,PK,PK,31.55800,74.35071
54600,Lahore,PK,PK,31.55800,74.35071
54610,Lahore,PK,PK,31.55800,74.35071
54650,Lahore,PK,PK,31.55800,74.35071
54660,Lahore,PK,PK,31.55800,74.35071
54700,Lahore,PK,PK,31.55800,74.35071
54760,Lahore,PK,PK,31.55800,74.35071
54762,Lahore,PK,PK,31.55800,74.35071
54770,Lahore,PK,PK,31.55800,74.35071
54780,Lahore,PK,PK,31.55800,74.35071
54782,Lahore,PK,PK,31.55800,74.35071
54790,Mansoora,PK,PK,24.86620,67.04130
54792,Lahore,PK,PK,31.55800,74.35071
54800,Lahore,PK,PK,31.55800,74.35071
54810,Lahore,PK,PK,31.55800,74.35071
54850,Lahore,PK,PK,31.55800,74.35071
54870,Lahore,PK,PK,31.55800,74.35071
54880,Lahore,PK,PK,31.55800,74.35071
54890,Lahore,PK,PK,31.55800,74.35071
54900,Chah Miran,PK,PK,31.59000,74.34170
54920,Lahore,PK,PK,31.55800,74.35071
55000,Kanganpur,PK,PK,30.76468,74.12286
55010,Usman Wala,PK,PK,30.94290,74.35920
55020,Talwandi,PK,PK,30.90400,74.14000
55030,Khudian,PK,PK,30.98680,74.27300
55050,Kasur,PK,PK,31.11866,74.45025
55110,Mustafabad,PK,PK,30.89222,73.49889
55140,Raja Jang,PK,PK,31.22078,74.25483
55150,Raiwind,PK,PK,31.24895,74.21534
55160,Lahore,PK,PK,31.55800,74.35071
55180,Kot Radha Kishan,PK,PK,31.17068,74.10126
55190,Clarkabad,PK,PK,31.17830,74.15080
55200,Chhanga Manga,PK,PK,31.08810,73.96640
55210,Balloki,PK,PK,31.19120,73.87720
55220,Chunian,PK,PK,30.96621,73.97908
55260,Bhai Pheru,PK,PK,31.20240,73.94860
55270,Manga Mandi,PK,PK,31.29890,74.07000
55300,Pattoki,PK,PK,31.02021,73.85333
55360,Wan Radha Ram,PK,PK,30.95410,73.74620
56130,Renala Khurd,PK,PK,30.87878,73.59857
56170,Hujra,PK,PK,30.74170,73.82330
56290,Jaboka,PK,PK,30.96070,73.45210
56300,Okara,PK,PK,30.81029,73.45155
56316,Chak,PK,PK,27.85838,68.83378
56320,Chak,PK,PK,27.85838,68.83378
56330,Chak,PK,PK,27.85838,68.83378
56400,Okara,PK,PK,30.81029,73.45155
56410,Okara,PK,PK,30.81029,73.45155
57000,Sahiwal,PK,PK,31.97386,72.33109
57030,Chak,PK,PK,27.85838,68.83378
57040,Sahiwal,PK,PK,31.97386,72.33109
57050,Farid Town Sahiwal,PK,PK,30.64200,73.09840
57070,Chak,PK,PK,27.85838,68.83378
57080,Noor Shah,PK,PK,30.83290,73.19560
57100,Chak,PK,PK,27.85838,68.83378
57110,Malka Hans,PK,PK,30.42430,73.27530
57130,Chak,PK,PK,27.85838,68.83378
57150,Chak,PK,PK,27.85838,68.83378
57160,Harappa,PK,PK,30.63251,72.87032
57170,Harappa,PK,PK,30.63251,72.87032
57174,Chak,PK,PK,27.85838,68.83378
57180,Chak,PK,PK,27.85838,68.83378
57200,Chichawatni,PK,PK,30.53010,72.69155
57210,Ghazi Abad,PK,PK,29.96670,70.43330
57214,Sheikh Fazal,PK,PK,30.33400,72.79320
57230,Chak,PK,PK,27.85838,68.83378
57300,Kassowal,PK,PK,30.53890,72.55000
57330,Chak,PK,PK,27.85838,68.83378
57340,Chak,PK,PK,27.85838,68.83378
57350,Iqbal Nagar,PK,PK,31.39880,72.07690
57430,Chak,PK,PK,27.85838,68.83378
57440,Chak,PK,PK,27.85838,68.83378
57450,Arif Wala,PK,PK,26.32478,66.29587
57480,Qabula,PK,PK,30.17784,73.06510
58000,Mian Channu,PK,PK,30.44070,72.35680
58080,Talamba,PK,PK,30.52693,72.24079
58100,Kacha Khuh,PK,PK,30.37530,72.14030
58180,Abdul Hakim,PK,PK,30.55190,72.12620
58190,Sarai Sidhu,PK,PK,30.59476,71.96990
58200,Jahania,PK,PK,30.03930,71.81670
58202,Chak,PK,PK,27.85838,68.83378
58220,Chak,PK,PK,27.85838,68.83378
58230,Kot Allah Singh,PK,PK,30.28410,71.90890
58256,Mahni Sial,PK,PK,30.29030,71.78630
58260,Kohiwala,PK,PK,30.35210,71.77190
58270,Kukkar Hatta,PK,PK,30.40350,71.75720
59020,Tatepur,PK,PK,30.23070,71.66170
59030,Piran Ghaib,PK,PK,30.21500,71.54920
59060,Multan,PK,PK,30.19679,71.47824
59070,Suraj Miani,PK,PK,30.21930,71.43860
59100,Makhdum Rashid,PK,PK,30.08770,71.64140
59110,Kutabpur,PK,PK,29.91060,71.75890
59130,Lar,PK,PK,30.01690,71.49440
59200,Ismailabad,PK,PK,30.13250,71.36480
59220,Shujabad,PK,PK,30.48330,72.58330
59240,Matotli,PK,PK,29.76830,71.32800
59250,Jalalpur Pirwala,PK,PK,29.50510,71.22202
59260,Khan Bela,PK,PK,29.69850,71.11940
59320,Lodhran,PK,PK,29.53390,71.63244
59330,Dhanot,PK,PK,29.57991,71.75213
59340,Kahror Pakka,PK,PK,29.62430,71.91437
60000,Multan,PK,PK,30.19679,71.47824
60030,Chak,PK,PK,27.85838,68.83378
60050,Multan,PK,PK,30.19679,71.47824
60060,Budhla Sant,PK,PK,30.16040,71.71210
60600,Mumtaz Abad,PK,PK,28.22790,67.85120
60700,Gulgasht Colony,PK,PK,30.21970,71.47110
60900,Industrial Estate,PK,PK,30.12840,71.38530
61000,Gaggo,PK,PK,30.21820,72.82630
61010,Burewala,PK,PK,30.16667,72.65000
61040,Burewala,PK,PK,30.16667,72.65000
61110,Luddan,PK,PK,29.80090,72.39970
61150,Garha More,PK,PK,29.56310,71.78410
61160,Mitru,PK,PK,29.95940,72.06970
61180,Dokota,PK,PK,29.89390,72.02560
61200,Mailsi,PK,PK,29.80123,72.17398
61210,Mailsi,PK,PK,29.80123,72.17398
61220,Karampur,PK,PK,29.90140,72.35360
62004,Chak,PK,PK,27.85838,68.83378
62020,Fort Abbas,PK,PK,29.19344,72.85525
62024,Chak,PK,PK,27.85838,68.83378
62030,Chak,PK,PK,27.85838,68.83378
62050,Faqir Wali,PK,PK,30.49540,70.82920
62070,Chak,PK,PK,27.85838,68.83378
62080,Chak,PK,PK,27.85838,68.83378
62110,Dunga Bunga,PK,PK,29.74975,73.24294
62350,Chishtian,PK,PK,29.79713,72.85772
63030,Pallah,PK,PK,29.80310,72.55500
63050,Jamalpur,PK,PK,29.62770,72.13240
63060,Khairpur,PK,PK,28.06437,69.70363
63070,Dera Bakha,PK,PK,29.43980,71.86080
63080,Bahawalpur,PK,PK,29.39779,71.67520
63100,Bahawalpur,PK,PK,29.39779,71.67520
63170,Bahawalpur,PK,PK,29.39779,71.67520
63210,Yazman,PK,PK,29.12122,71.74459
63230,Chak,PK,PK,27.85838,68.83378
63236,Head Rajkan,PK,PK,29.10640,71.49330
63250,Samasatta,PK,PK,29.34500,71.54620
63290,Mubarikpur,PK,PK,29.25510,71.37160
63300,Noorpur Nauranga,PK,PK,29.22520,71.43250
63320,Hatheji,PK,PK,29.34730,71.23560
63354,Sahiwala,PK,PK,29.70420,71.52220
63400,Kotla Musa Khan,PK,PK,29.27420,71.22150
63410,Uch Sharif,PK,PK,29.23870,71.06220
63450,Chani Goth,PK,PK,29.09680,71.01030
64000,Liaqat Pur,PK,PK,28.93900,70.94890
64020,Allah Abad,PK,PK,28.93330,70.96670
64030,Trinda Muhammad Panah,PK,PK,29.10030,70.90830
64040,Khan Bela,PK,PK,28.96320,70.73610
64070,Feroza,PK,PK,28.76680,70.81580
64140,Chachran Sharif,PK,PK,28.87440,70.45540
64220,Chak,PK,PK,27.85838,68.83378
64310,Iqbalabad,PK,PK,28.54410,70.27010
64320,Mian Wali Qureshian,PK,PK,28.66070,70.39950
64384,Bhong,PK,PK,28.42340,69.91110
64450,Machi Goth,PK,PK,28.28230,69.72710
65030,Ubauro,PK,PK,28.16429,69.73114
65034,Khambara,PK,PK,28.29350,69.81090
65040,Mirpur Mathelo,PK,PK,28.02136,69.54914
65052,Dad Laghari,PK,PK,27.94660,69.67010
65060,Jarwar,PK,PK,27.91580,69.52070
65070,Khanpur Mahar,PK,PK,27.84088,69.41302
65110,Ghotki,PK,PK,28.00437,69.31569
65120,Pano Akil,PK,PK,27.85620,69.11110
65140,Haleji Sharif,PK,PK,27.78050,69.13570
65150,Saleh Pat,PK,PK,27.52020,69.04460
65170,Rohri,PK,PK,27.69203,68.89503
65180,Rohri,PK,PK,27.69203,68.89503
65200,Sukkur,PK,PK,27.70323,68.85889
65210,Sukkur,PK,PK,27.70323,68.85889
65270,Babarloi,PK,PK,27.64910,68.83700
65280,Jandraka,PK,PK,31.07240,73.44800
65330,Bagarji,PK,PK,27.75431,68.75866
66000,Piryalo,PK,PK,27.64690,68.71650
66040,Ahmed Pur,PK,PK,27.99890,68.62420
66070,Gambat,PK,PK,27.35170,68.52150
66120,Kumb,PK,PK,27.30010,68.61400
66150,Mirwah,PK,PK,27.06890,68.61430
66160,Thehri,PK,PK,27.58540,68.77850
66170,Sorah,PK,PK,27.11930,68.95200
66200,Setharja,PK,PK,27.20070,68.47860
66300,Chang,PK,PK,26.86780,68.36320
67000,Mahrabpur,PK,PK,27.10330,68.41960
67010,Kotri,PK,PK,25.36566,68.30831
67020,Tando Mir Ali,PK,PK,27.08720,68.49410
67030,Khan Wahan,PK,PK,27.17730,68.29420
67070,Darbelo,PK,PK,27.01650,68.12600
67080,Tharu Shah,PK,PK,26.94230,68.11759
67084,Bhorti,PK,PK,26.96780,68.03800
67100,Mithiani,PK,PK,26.87060,67.98130
67130,Moro,PK,PK,26.66317,68.00016
67190,Daulatpur,PK,PK,26.50158,67.97079
67204,Shadi Khan Chandio,PK,PK,26.20340,68.24580
67210,Sakrand,PK,PK,26.13845,68.27444
67310,Bhiria,PK,PK,26.91041,68.19466
67320,Bhiria,PK,PK,26.91041,68.19466
67350,Kalhora,PK,PK,27.57250,68.06450
67380,Phul,PK,PK,27.63620,68.11690
67390,Darya Khan,PK,PK,31.78447,71.10197
67400,Bandhi,PK,PK,26.58761,68.30215
67410,Daur,PK,PK,26.45528,68.31835
67420,Haberi,PK,PK,26.46670,68.16580
67450,Nawabshah,PK,PK,26.23939,68.40369
67470,Buchari,PK,PK,26.35940,68.33340
67500,Jam Sahib,PK,PK,26.29583,68.62917
67510,Gupchani,PK,PK,26.19570,68.55110
68010,Sarhari,PK,PK,26.09810,68.48140
68020,Lundo,PK,PK,26.02710,68.54540
68030,Shahdadpur,PK,PK,25.92539,68.62280
68050,Tando Adam,PK,PK,25.76818,68.66196
68060,Berani,PK,PK,25.78497,68.80754
68070,Jam Nawaz Ali,PK,PK,25.78380,68.85810
68080,Nauabad,PK,PK,25.81390,68.94390
68100,Sanghar,PK,PK,26.04694,68.94917
68120,Gujri,PK,PK,26.19110,68.96700
68122,Chak,PK,PK,27.85838,68.83378
68140,Tando Mitha Khan,PK,PK,25.99620,69.20250
68200,Shahpur Chakar,PK,PK,26.15411,68.65013
68210,Khadro,PK,PK,26.14713,68.71777
68220,Sinjhoro,PK,PK,26.03008,68.80867
68230,Jhol,PK,PK,25.95533,68.88871
68310,Kandiari,PK,PK,26.91550,68.52193
68330,Khipro,PK,PK,25.82680,69.37530
68350,Hathungo,PK,PK,25.79030,69.45560
69000,Mirpur Khas,PK,PK,25.52760,69.01255
69070,Dhoro Naro,PK,PK,25.50484,69.57090
69090,Chhor,PK,PK,25.51260,69.78437
69100,Umar Kot,PK,PK,25.20750,69.51100
69160,Kunri,PK,PK,25.17874,69.56572
69170,Chachro,PK,PK,25.11130,70.25870
69210,Talhi,PK,PK,24.95100,69.55310
69230,Mithi,PK,PK,24.73701,69.79707
69260,Nagar Parkar,PK,PK,24.35730,70.75450
69280,Diplo,PK,PK,24.46688,69.58114
69310,Jhudo,PK,PK,24.96790,69.29730
69320,Tando Jan Muhammad,PK,PK,25.07240,69.21410
69330,Digri,PK,PK,25.15657,69.11098
69350,Samaro,PK,PK,25.28143,69.39623
69370,Mirwah Gorchani,PK,PK,25.30981,69.05019
70010,Tando Allahyar,PK,PK,25.46050,68.71745
70012,Rashidabad,PK,PK,26.08000,68.91800
70030,Goth Shahnawaz,PK,PK,25.25820,68.25260
70040,Nasarpur,PK,PK,25.51990,68.61760
70050,Tando Jam,PK,PK,25.42813,68.52923
70070,Tando Qaiser,PK,PK,25.65690,68.68230
70080,Chamber,PK,PK,25.29362,68.81176
70100,Saeedabad,PK,PK,24.92560,66.96460
70104,Sikandarabad,PK,PK,27.19290,69.05100
70120,Hala,PK,PK,25.81459,68.42198
70130,Hala,PK,PK,25.81459,68.42198
70140,Bhit Shah,PK,PK,25.80565,68.49143
70150,Matiari,PK,PK,25.59709,68.44670
70210,Husri,PK,PK,25.31360,68.42470
70220,Tando Mohammad Khan,PK,PK,25.12380,68.53680
71000,Hyderabad,PK,PK,25.39689,68.37718
71100,Qasimabad,PK,PK,24.90390,67.05860
71110,Hyderabad,PK,PK,25.39689,68.37718
71500,Hyderabad,PK,PK,25.39689,68.37718
71800,Latifabad,PK,PK,25.35490,68.35140
72010,Matli,PK,PK,25.04290,68.65591
72020,Kario Ghanwar,PK,PK,24.80817,68.60483
72050,Tando Ghulam Ali,PK,PK,25.12470,68.89050
72100,Talhar,PK,PK,24.88454,68.81437
72110,Rajo Khanani,PK,PK,24.98391,68.85370
72120,Tando Bago,PK,PK,24.78914,68.96535
72130,Pangrio,PK,PK,24.76230,69.19630
72200,Badin,PK,PK,24.65600,68.83700
73010,Jhok Sharif,PK,PK,24.81220,68.31710
73020,Bulri Shah Karim,PK,PK,24.86210,68.33060
73030,Mirpur Bathoro,PK,PK,24.72850,68.26010
73050,Sujawal,PK,PK,24.60360,68.07760
73060,Jati,PK,PK,24.35492,68.26732
73070,Chuhar Jamali,PK,PK,24.39440,67.99298
73080,Ladiun,PK,PK,24.32300,68.06680
73090,Nooriabad,PK,PK,25.17500,67.79950
73130,Thatta,PK,PK,24.74745,67.92353
73170,Vur,PK,PK,24.55140,67.84430
73210,Gharo,PK,PK,24.74182,67.58534
73240,Mirpur Sakro,PK,PK,24.54692,67.62797
73242,Garho,PK,PK,24.74180,67.58530
74000,Karachi,PK,PK,24.86080,67.01040
74200,Karachi,PK,PK,24.86080,67.01040
74400,Karachi,PK,PK,24.86080,67.01040
74600,Karachi,PK,PK,24.86080,67.01040
74700,Karachi,PK,PK,24.86080,67.01040
75050,Malir City,PK,PK,24.87640,67.19270
75120,Quaidabad,PK,PK,24.85820,67.21520
75160,Landhi Colony,PK,PK,24.83420,67.17800
75180,Karachi,PK,PK,24.86080,67.01040
75190,Korangi Creek,PK,PK,24.81040,67.13330
75200,Karachi,PK,PK,24.86080,67.01040
75230,Drigh Colony,PK,PK,24.88200,67.14860
75260,Karachi,PK,PK,24.86080,67.01040
75270,Karachi,PK,PK,24.86080,67.01040
75280,Karachi,PK,PK,24.86080,67.01040
75290,Karachi,PK,PK,24.86080,67.01040
75300,Karachi,PK,PK,24.86080,67.01040
75330,Karachi,PK,PK,24.86080,67.01040
75340,Karachi,PK,PK,24.86080,67.01040
75350,Karachi,PK,PK,24.86080,67.01040
75400,Karachi,PK,PK,24.86080,67.01040
75460,Mehmoodabad,PK,PK,34.19860,72.09410
75500,Karachi,PK,PK,24.86080,67.01040
75510,Karachi,PK,PK,24.86080,67.01040
75520,Karachi,PK,PK,24.86080,67.01040
75530,Karachi,PK,PK,24.86080,67.01040
75550,Karachi,PK,PK,24.86080,67.01040
75580,Karachi,PK,PK,24.86080,67.01040
75600,Karachi,PK,PK,24.86080,67.01040
75640,Manora,PK,PK,24.79610,66.97460
75650,Karachi,PK,PK,24.86080,67.01040
75660,Karachi,PK,PK,24.86080,67.01040
75700,Karachi,PK,PK,24.86080,67.01040
75730,Karachi,PK,PK,24.86080,67.01040
75750,Karachi,PK,PK,24.86080,67.01040
75760,Karachi,PK,PK,24.86080,67.01040
75780,Karachi,PK,PK,24.86080,67.01040
75790,Karachi,PK,PK,24.86080,67.01040
75800,Orangi Town,PK,PK,24.95500,66.99490
75840,Karachi,PK,PK,24.86080,67.01040
75850,New Karachi,PK,PK,24.97910,67.08210
75890,Karachi,PK,PK,24.86080,67.01040
75900,Karachi,PK,PK,24.86080,67.01040
75950,Karachi,PK,PK,24.86080,67.01040
75990,Karachi,PK,PK,24.86080,67.01040
76000,Kotri,PK,PK,25.36566,68.30831
76064,Thermal Power Station,PK,PK,25.46080,68.26820
76090,Liaqat Medical College (Jamshoro),PK,PK,25.42770,68.26420
76130,Sann,PK,PK,26.04030,68.13763
76140,Sehwan,PK,PK,26.42495,67.86126
76150,Bubak,PK,PK,26.44540,67.72130
76170,Bhan,PK,PK,26.55831,67.72139
76190,Johi,PK,PK,26.69225,67.61431
76200,Dadu,PK,PK,26.73033,67.77690
76220,Phulji,PK,PK,26.86290,67.78830
76230,Dadu,PK,PK,26.73033,67.77690
76250,Sita,PK,PK,27.02580,67.91990
76260,Khairpur Nathan Shah,PK,PK,27.09064,67.73489
76264,Khanpur,PK,PK,28.64739,70.65694
76310,Radhan,PK,PK,26.54860,67.79050
76330,Mehar,PK,PK,27.18027,67.82051
76340,Khuda Ki Basti,PK,PK,25.74690,68.66130
77010,Badah,PK,PK,27.33420,68.01570
77020,Nasirabad,PK,PK,27.38137,67.91644
77040,Warah,PK,PK,27.44805,67.79654
77060,Dokri,PK,PK,27.37421,68.09715
77120,Garelo,PK,PK,27.43520,68.07570
77150,Larkana,PK,PK,27.55898,68.21204
77200,Bero Chandio,PK,PK,27.57890,68.11730
77210,Kambar,PK,PK,27.58753,68.00066
77214,Miran Machi,PK,PK,27.70210,67.81170
77220,Ber,PK,PK,27.55910,67.93610
77240,Khairpur,PK,PK,28.06437,69.70363
77250,Lalu Raunk,PK,PK,27.50070,67.90640
77280,Arzi Bhutto,PK,PK,27.55830,68.23060
77300,Shahdad Kot,PK,PK,27.84726,67.90679
77310,Qubo Saeed Khan,PK,PK,27.87437,67.70886
77320,Chak,PK,PK,27.85838,68.83378
77370,Pir Bux Bhutto,PK,PK,27.75820,68.33420
77390,Lashari,PK,PK,27.69440,68.06280
77410,Mena,PK,PK,24.95650,69.07700
78040,Dakhan,PK,PK,27.98330,68.65000
78050,Chak,PK,PK,27.85838,68.83378
78060,Lakhi,PK,PK,27.84884,68.69972
78064,Ruk,PK,PK,27.95000,69.23330
78100,Shikarpur,PK,PK,27.95558,68.63823
78150,Gari Yasin,PK,PK,27.90630,68.51210
78250,Sultan Kot,PK,PK,28.07150,68.59430
79000,Jacobabad,PK,PK,28.28187,68.43761
79050,Garhi Khairo,PK,PK,28.05717,67.97898
79100,Thul,PK,PK,28.24030,68.77550
79150,Tangwani,PK,PK,28.27886,68.99760
79160,Kandhkot,PK,PK,28.24574,69.17974
79180,Ghous Pur,PK,PK,28.25460,67.96280
79192,Badani,PK,PK,28.30330,69.42320
79210,Kashmor,PK,PK,28.43260,69.58364
80100,Dera Bugti,PK,PK,29.03619,69.15849
80300,Usta Muhammad,PK,PK,28.17723,68.04367
80400,Gandakha,PK,PK,28.01060,67.84980
80800,Chattar,PK,PK,28.89510,64.90240
81100,Jhal Magsi,PK,PK,28.28400,67.45620
81200,Lehri,PK,PK,29.19480,67.64350
81250,Bhag,PK,PK,29.04174,67.82394
81260,Khattan,PK,PK,29.15060,67.69650
81300,Haji Shaher,PK,PK,28.21140,66.42910
81400,Dhadar,PK,PK,29.47490,67.65170
81410,Rind Ali,PK,PK,29.48680,67.64010
81450,Sanni,PK,PK,29.15370,67.56220
81550,Kolpur,PK,PK,29.19570,66.83010
82000,Sibi,PK,PK,29.54299,67.87726
82010,Talli,PK,PK,29.53030,68.13540
82100,Sibi,PK,PK,29.54299,67.87726
82200,Sibi,PK,PK,29.54299,67.87726
82300,Harnai,PK,PK,30.10077,67.93824
82310,Khost,PK,PK,32.83700,70.79030
83000,Kohlu,PK,PK,29.90300,69.23100
84200,Dukki,PK,PK,28.46250,70.21530
84300,Sinjawi,PK,PK,30.28290,68.34360
84400,Barkhan,PK,PK,29.89773,69.52558
84500,Rakhni,PK,PK,30.04420,69.92580
84690,Drug,PK,PK,30.85700,70.18750
84710,Mekhtar,PK,PK,30.47470,69.36440
84800,Loralai,PK,PK,30.37051,68.59795
84810,Mohsinabad,PK,PK,29.11050,70.90500
84820,Loralai,PK,PK,30.37051,68.59795
84830,Nahar Kot,PK,PK,29.76670,69.46610
84850,Shah Karez,PK,PK,30.40880,68.52230
85100,Murgha,PK,PK,30.72660,67.82330
85200,Zhob,PK,PK,31.34082,69.44930
85210,Sherani,PK,PK,28.26640,67.37630
85300,Qamar-Ud-Din Karez,PK,PK,31.65910,68.40330
85500,Muslim Bagh,PK,PK,32.79560,70.77250
86000,Chaman,PK,PK,30.91769,66.45259
86220,Habibabad,PK,PK,28.18130,66.16520
86400,Saranan,PK,PK,30.58520,66.87250
86500,Bostan,PK,PK,30.42800,67.01840
86600,Khanozai,PK,PK,30.43800,66.64740
86700,Pishin,PK,PK,30.58176,66.99406
86720,Manzari,PK,PK,30.74930,66.98610
87000,Kuchlak,PK,PK,30.35220,66.94020
87100,Baleli,PK,PK,30.27810,66.91160
87300,Quetta,PK,PK,30.18414,67.00141
87320,Hazar Gangi,PK,PK,30.64510,66.54290
87500,Satellite Town Quetta,PK,PK,30.16150,67.00490
87650,Quetta,PK,PK,30.18414,67.00141
87710,Nawan Killi,PK,PK,34.37800,71.58860
87720,Nasirabad,PK,PK,27.38137,67.91644
87900,Sariab,PK,PK,26.56070,62.98500
88050,Sorange,PK,PK,30.16670,67.22050
88100,Mastung,PK,PK,29.79966,66.84553
88150,Digari,PK,PK,30.07270,67.21220
88200,Mastung,PK,PK,29.79966,66.84553
88210,Khad Kucha,PK,PK,27.23180,65.66330
88240,Kanak,PK,PK,27.80000,66.59690
88260,Johan,PK,PK,29.32890,66.97160
88300,Kalat,PK,PK,29.02663,66.59361
88310,Kalat,PK,PK,29.02663,66.59361
88350,Nichara,PK,PK,28.86070,66.75100
88400,Sorab,PK,PK,27.31670,64.75000
88430,Nag,PK,PK,27.41270,65.13200
89100,Khuzdar,PK,PK,27.81193,66.61096
89150,Khuzdar,PK,PK,27.81193,66.61096
89170,Khattan,PK,PK,29.15060,67.69650
89250,Wadh,PK,PK,27.44900,66.91000
89260,Jibri,PK,PK,27.29770,65.74320
89300,Kalwan,PK,PK,34.88510,73.93060
89350,Karakh,PK,PK,27.73630,67.17280
90050,Bela,PK,PK,26.22718,66.31178
90150,Uthal,PK,PK,25.80722,66.62194
90160,Lakhra,PK,PK,25.86470,66.45170
90300,Gadani,PK,PK,25.11879,66.73219
91100,Jiwani,PK,PK,25.04852,61.74573
91300,Pasni,PK,PK,25.26302,63.46921
91400,Ormara,PK,PK,25.21018,64.63626
92100,Mand,PK,PK,26.11670,62.03260
92300,Tump,PK,PK,26.10140,62.36590
92400,Kalatuk,PK,PK,26.03590,62.89520
92500,Shahi Tump,PK,PK,26.00350,63.01820
92600,Turbat,PK,PK,26.00122,63.04849
92610,Asiabad,PK,PK,26.08870,62.47420
92650,Kuddan,PK,PK,25.71090,62.54210
92800,Buleda,PK,PK,26.30910,63.15370
92900,Nasirabad,PK,PK,27.38137,67.91644
92910,Hoshab,PK,PK,26.01590,63.88830
93000,Panjgur,PK,PK,26.97190,64.09460
93100,Patak,PK,PK,27.75380,65.61600
93200,Katagari,PK,PK,26.75340,64.02850
94100,Kharan,PK,PK,28.58459,65.41501
94110,Washuk,PK,PK,27.72728,64.80972
94150,Ladgasht,PK,PK,28.53990,65.09340
95100,Dalbandin,PK,PK,28.88846,64.40616
95110,Padag,PK,PK,29.00310,65.31540
95150,Ahmedwal,PK,PK,29.42220,65.93640
95200,Nushki,PK,PK,29.55218,66.02288
96000,Ziarat,PK,PK,30.34340,67.74220
